cd_mun,municipio,uf,n_feicoes,area_ha,area_mun_ha,pct_mun_coberta
1500602,ALTAMIRA,PA,97,15476085.57,16152565.0249171,95.81
1505304,ORIXIMINÁ,PA,62,10600000.76,10746398.21729069,98.64
1300409,BARCELOS,AM,29,10215986.85,12236212.103321003,83.49
1303809,SÃO GABRIEL DA CACHOEIRA,AM,19,10086916.209999999,10860865.112573957,92.87
1300201,ATALAIA DO NORTE,AM,9,7445572.34,7718384.956688563,96.47
1507300,SÃO FÉLIX DO XINGU,PA,63,6573727.87,8550505.298675407,76.88
1303601,SANTA ISABEL DO RIO NEGRO,AM,26,6161662.83,6273987.285369187,98.21
1304104,TAPAUÁ,AM,41,6013446.01,8581110.923396477,70.08
1302306,JUTAÍ,AM,31,5884815.9399999995,6986861.548094291,84.23
1500503,ALMEIRIM,PA,14,5826815.66,7290865.077700209,79.92
1302405,LÁBREA,AM,81,5821643.49,6965807.151764998,83.57
1503606,ITAITUBA,PA,86,5665696.51,6264410.810650477,90.44
1302108,JAPURÁ,AM,18,5395549.09,5575781.314634784,96.77
1300144,APUÍ,AM,35,5181594.85,5518030.127999784,93.9
1503754,JACAREACANGA,PA,26,5083528.86,5416164.048493358,93.86
1400209,CARACARAÍ,RR,49,4396145.34,4735085.387440574,92.84
1301209,COARI,AM,22,4116902.97,5825684.716138694,70.67
1302702,MANICORÉ,AM,53,3905403.4,4888546.31480221,79.89
1300805,BORBA,AM,51,3868308.37,4451802.606448104,86.89
1303205,NOVO AIRÃO,AM,23,3700606.2199999997,3778353.659140691,97.94
1302900,MAUÉS,AM,30,3673857.88,4025766.0999650345,91.26
1303304,NOVO ARIPUANÃ,AM,31,3440894.04,4173169.0366415475,82.45
1505031,NOVO PROGRESSO,PA,32,3428686.55,3888472.7034042403,88.18
1300904,CANUTAMA,AM,37,3115244.19,3415562.8541029175,91.21
1400472,RORAINÓPOLIS,RR,31,3113712.92,3354233.0708085485,92.83
1600279,LARANJAL DO JARI,AP,14,2911424.6,3052448.8088773573,95.38
1301704,HUMAITÁ,AM,64,2779895.17,3362295.9587758146,82.68
1304302,URUCARÁ,AM,13,2624594.41,2790254.1855188305,94.06
1505106,ÓBIDOS,PA,46,2457105.73,2798791.6097486094,87.79
1100106,GUAJARÁ-MIRIM,RO,38,2426725.11,2581374.174954332,94.01
1400027,AMAJARI,RR,20,2386064.13,2845659.86751413,83.85
1301951,ITAMARATI,AM,8,2292611.02,2557459.9757793304,89.64
1100205,PORTO VELHO,RO,75,2282948.01,3493162.857512606,65.35
1301001,CARAUARI,AM,14,2243706.58,2595432.5891491505,86.45
1600501,OIAPOQUE,AP,13,2228538.1799999997,2310056.646501348,96.47
1400050,ALTO ALEGRE,RR,15,2215798.68,2546659.7486486994,87.01
1500404,ALENQUER,PA,37,2024634.58,2362426.2521508867,85.7
1303536,PRESIDENTE FIGUEIREDO,AM,25,2005716.49,2544500.411702667,78.83
1304203,TEFÉ,AM,12,1999810.8099999998,2381013.7985951155,83.99
1303908,SÃO PAULO DE OLIVENÇA,AM,15,1853249.01,1975961.4861612124,93.79
5105150,JUÍNA,MT,12,1712078.58,2745694.65463892,62.36
1301308,CODAJÁS,AM,17,1651449.89,1874080.2856228978,88.12
1303502,PAUINI,AM,27,1617205.41,4234229.355419663,38.19
1300706,BOCA DO ACRE,AM,54,1583588.45,2243129.7229057234,70.6
1501006,AVEIRO,PA,32,1576259.49,1712396.7370784846,92.05
1302801,MARAÃ,AM,16,1568611.59,1684203.1260886856,93.14
1505809,PORTEL,PA,42,1567355.09,2540734.0221563745,61.69
5103304,COMODORO,MT,39,1522207.1,2263237.647758584,67.26
1200500,SENA MADUREIRA,AC,42,1508553.15,2440336.9830401964,61.82
5100805,APIACÁS,MT,7,1493607.3499999999,2094889.6734447689,71.3
1300631,BERURI,AM,23,1486711.55,1756481.1864564335,84.64
1302207,JURUÁ,AM,11,1485833.58,1948975.275342701,76.24
1301407,EIRUNEPÉ,AM,11,1396303.48,1517378.011317669,92.02
1505908,PORTO DE MOZ,PA,18,1384299.94,1742685.0630950558,79.43
1507805,SENADOR JOSÉ PORFÍRIO,PA,24,1370363.5099999998,1448017.9459903557,94.64
1505437,OURILÂNDIA DO NORTE,PA,14,1333359.3900000001,1464315.6725421748,91.06
1506807,SANTARÉM,PA,56,1307014.77,1791758.5465272393,72.95
1504802,MONTE ALEGRE,PA,41,1305183.43,1813831.041948716,71.96
1600204,CALÇOENE,AP,18,1258238.98,1412628.8279236678,89.07
5103254,COLNIZA,MT,25,1224664.8800000001,2867063.6719064717,42.71
1303007,NHAMUNDÁ,AM,12,1206813.0699999998,1410421.5063200276,85.56
1400282,IRACEMA,RR,10,1204252.5,1402230.5273344067,85.88
1400233,CAROEBE,RR,11,1178030.81,1205321.796337061,97.74
1600402,MAZAGÃO,AP,18,1169180.75,1327923.151604707,88.05
1503002,FARO,PA,13,1148532.73,1176313.398962338,97.64
1301605,FONTE BOA,AM,10,1147225.1600000001,1216439.8578463674,94.31
1303700,SANTO ANTÔNIO DO IÇÁ,AM,18,1136705.7,1240275.4937148662,91.65
1508050,TRAIRÃO,PA,38,1098183.96,1207270.9799559764,90.96
1200302,FEIJÓ,AC,25,1057357.15,2859936.0188408955,36.97
1505064,NOVO REPARTIMENTO,PA,76,1013877.96,1547521.085263516,65.52
1400308,MUCAJAÍ,RR,12,1013026.6600000001,1234654.408257723,82.05
1303957,SÃO SEBASTIÃO DO UATUMÃ,AM,10,986711.05,1064711.0479078803,92.67
1708205,FORMOSO DO ARAGUAIA,TO,21,973719.0900000001,1401404.4337109101,69.48
1304260,UARINI,AM,15,958206.4099999999,1029473.6865816498,93.08
1600154,PEDRA BRANCA DO AMAPARI,AP,19,927382.1,961496.9448872348,96.45
1101492,SÃO FRANCISCO DO GUAPORÉ,RO,27,914511.47,1145796.2847934198,79.81
1500859,ANAPU,PA,24,907398.1399999999,1194032.1797468953,75.99
1300839,CAAPIRANGA,AM,8,901652.4199999999,947140.942846697,95.2
1301803,IPIXUNA,AM,6,875501.1599999999,1228600.7956581952,71.26
1504208,MARABÁ,PA,131,872958.87,1525563.1026814787,57.22
5103858,GAÚCHA DO NORTE,MT,5,869134.2399999999,1778249.531752477,48.88
5107065,QUERÊNCIA,MT,7,864707.53,1859924.1373679664,46.49
1100304,VILHENA,RO,23,863000.08,1222916.2116947817,70.57
1300607,BENJAMIN CONSTANT,AM,21,835672.41,876182.1022943091,95.38
1501808,BREVES,PA,47,830834.62,955881.736660894,86.92
5106422,PEIXOTO DE AZEVEDO,MT,14,829073.38,1487576.5440868372,55.73
1505486,PACAJÁ,PA,45,819015.77,1186689.3174905058,69.02
1400704,UIRAMUTÃ,RR,3,811560.1,814661.9097558646,99.62
1711902,LAGOA DA CONFUSÃO,TO,18,803256.5,1094914.0209960479,73.36
1400456,PACARAIMA,RR,5,795100.03,805185.9295557635,98.75
1200351,MARECHAL THAUMATURGO,AC,24,783868.3300000001,838395.3345357752,93.5
1100338,NOVA MAMORÉ,RO,38,768511.22,1039390.8102051988,73.94
1508159,URUARÁ,PA,31,768101.64,1082068.0159334764,70.98
1600055,SERRA DO NAVIO,AP,12,761437.9099999999,771037.8644150392,98.75
5101407,ARIPUANÃ,MT,14,745294.37,2543887.067423869,29.3
1200344,MANOEL URBANO,AC,21,732901.19,1085270.474636469,67.53
1200609,TARAUACÁ,AC,33,705019.24,2056542.8595415708,34.28
5107958,TANGARÁ DA SERRA,MT,13,674186.9400000001,1238680.293710111,54.43
1400407,NORMANDIA,RR,1,674001.75,698339.1965986973,96.51
1504455,MEDICILÂNDIA,PA,22,670325.5,828784.8603618692,80.88
5107578,RONDOLÂNDIA,MT,14,665474.1699999999,1307157.6954259302,50.91
2103174,CENTRO NOVO DO MARANHÃO,MA,30,655774.1699999999,841544.3057361392,77.93
1100130,MACHADINHO D'OESTE,RO,45,647406.38,872084.1528267879,74.24
1503903,JURUTI,PA,27,637338.1799999999,831259.3595132829,76.67
1302603,MANAUS,AM,41,632831.25,1141135.402980672,55.46
1506005,PRAINHA,PA,23,625140.0,1479148.5177835282,42.26
5006903,PORTO MURTINHO,MS,8,621790.0299999999,2010289.2609576336,30.93
1505536,PARAUAPEBAS,PA,29,617004.1,695683.8589969876,88.69
1712702,MATEIROS,TO,5,611290.0700000001,990997.9313569756,61.68
1600105,AMAPÁ,AP,14,609349.28,845258.4790193688,72.09
1302504,MANACAPURU,AM,24,599917.02,735191.8615344651,81.6
1100320,SÃO MIGUEL DO GUAPORÉ,RO,11,599595.84,706605.9648381183,84.86
1503101,GURUPÁ,PA,19,587200.02,856300.9520420852,68.57
1500305,AFUÁ,PA,39,575324.98,832865.9921410639,69.08
5103700,FELIZ NATAL,MT,2,574612.63,1216483.1442144501,47.24
1505650,PLACAS,PA,28,573799.6900000001,719757.8961822174,79.72
1300102,ANORI,AM,11,554175.92,606114.4237089852,91.43
1717503,PIUM,TO,27,518640.29000000004,1031340.6861589714,50.29
5107875,SAPEZAL,MT,13,517109.39,1433713.5036060885,36.07
1506195,RURÓPOLIS,PA,23,516434.23000000004,705124.4562000624,73.24
1500701,ANAJÁS,PA,13,516412.67000000004,690679.984875086,74.77
1303106,NOVA OLINDA DO NORTE,AM,9,500276.31,559841.2013066999,89.36
1502764,CUMARU DO NORTE,PA,11,497683.60000000003,1744063.4113732395,28.54
2100600,AMARANTE DO MARANHÃO,MA,35,497582.92000000004,749602.3083927823,66.38
1300300,AUTAZES,AM,31,495702.92000000004,767696.2337316312,64.57
1400175,CANTÁ,RR,23,492654.59,766770.821595864,64.25
1300029,ALVARÃES,AM,9,483905.91,594036.1721418132,81.46
1503705,ITUPIRANGA,PA,71,476267.56,793354.439180786,60.03
1200393,PORTO WALTER,AC,14,474314.48,658771.4660745307,72.0
1200203,CRUZEIRO DO SUL,AC,37,470902.83999999997,895399.7288026037,52.59
1200435,SANTA ROSA DO PURUS,AC,13,469329.02999999997,638462.6116258734,73.51
5106307,PARANATINGA,MT,10,462342.69999999995,2551947.7869695425,18.12
2106706,MIRADOR,MA,8,456570.00000000006,862085.1463597346,52.96
1200054,ASSIS BRASIL,AC,10,454696.22,513545.07775664615,88.54
1100015,ALTA FLORESTA D'OESTE,RO,23,452891.68,740179.8125910757,61.19
2104081,FERNANDO FALCÃO,MA,8,446872.99,513956.10727489355,86.95
2930204,SENTO SÉ,BA,15,442838.46,1234371.5395262989,35.88
1100809,CANDEIAS DO JAMARI,RO,22,441289.91000000003,700152.9901030392,63.03
1200336,MÂNCIO LIMA,AC,18,436112.17000000004,550089.4274468232,79.28
5107859,SÃO FÉLIX DO ARAGUAIA,MT,20,435767.6,1734223.6530824103,25.13
5103379,COTRIGUAÇU,MT,9,432363.76999999996,972438.7850209624,44.46
1300060,AMATURÁ,AM,13,431395.36,476523.08362536354,90.53
1100122,JI-PARANÁ,RO,11,427847.10000000003,712192.2670689338,60.07
5106265,NOVO MUNDO,MT,26,422898.01,596386.8550714946,70.91
5101902,BRASNORTE,MT,9,419094.68,1671913.8064551775,25.07
1504505,MELGAÇO,PA,16,415158.22,676999.9936990084,61.32
1101005,GOVERNADOR JORGE TEIXEIRA,RO,10,403145.51,524245.81440838194,76.9
1501725,BRASIL NOVO,PA,18,400667.36,637601.6481643638,62.84
1301100,CAREIRO,AM,24,393662.02,611523.0109138712,64.37
5105507,VILA BELA DA SANTÍSSIMA TRINDADE,MT,40,391018.93,1445610.1281737464,27.05
5205307,CAVALCANTE,GO,5,389661.21,734612.9745298718,53.04
1400506,SÃO JOÃO DA BALIZA,RR,12,384990.0,427964.78359059116,89.96
1304237,TONANTINS,AM,17,383971.02,645361.2529293117,59.5
2100501,ALTO PARNAÍBA,MA,3,379595.14999999997,1142410.9654507758,33.23
1600550,PRACUÚBA,AP,12,373147.95,494591.25255190476,75.45
1200708,XAPURI,AC,7,356192.26,552894.9599081634,64.42
1100080,COSTA MARQUES,RO,19,352645.82999999996,521043.61985483475,67.68
1504752,MOJUÍ DOS CAMPOS,PA,13,352576.32,499651.74846038315,70.56
1101468,PIMENTEIRAS DO OESTE,RO,7,351001.48,633462.2021893347,55.41
5106315,NOVO SANTO ANTÔNIO,MT,7,350114.25,459728.82807746384,76.16
2902708,BARRA,BA,16,345067.16,1184589.7681869045,29.13
2102002,BOM JARDIM,MA,24,344741.58,660248.7319579669,52.21
1600535,PORTO GRANDE,AP,19,341136.58,442314.6447017023,77.13
5107180,RIBEIRÃO CASCALHEIRA,MT,15,335367.24,1192961.4906990011,28.11
1600709,TARTARUGALZINHO,AP,18,333752.52,668025.1822105238,49.96
1300508,BARREIRINHA,AM,14,333259.58,576198.5173974984,57.84
5104104,GUARANTÃ DO NORTE,MT,14,330961.2,485888.3643427516,68.11
1302553,MANAQUIRI,AM,22,325604.10000000003,398569.6882374477,81.69
5105101,JUARA,MT,6,324189.79000000004,2345911.8283341075,13.82
5103353,CONFRESA,MT,19,321605.17,598938.8659440883,53.7
1505502,PARAGOMINAS,PA,54,320554.93,1937996.113427005,16.54
1304062,TABATINGA,AM,12,317389.98,327167.4635990066,97.01
1501451,BELTERRA,PA,19,314789.3,440683.43676198093,71.43
1502806,CURRALINHO,PA,57,314365.91,361575.4334585967,86.94
1200328,JORDÃO,AC,11,314089.37,548054.4733822378,57.31
1101500,SERINGUEIRAS,RO,10,312472.72000000003,463049.16584117076,67.48
1400159,BONFIM,RR,16,312011.37,808951.434638817,38.57
5102504,CÁCERES,MT,74,311431.67,2661548.7810423383,11.7
5102637,CAMPO NOVO DO PARECIS,MT,7,308187.16,997240.2579192282,30.9
1301902,ITACOATIARA,AM,20,307975.88,890851.8844113962,34.57
1502509,CHAVES,PA,7,305996.83,1252014.4058678146,24.44
1506583,SANTA MARIA DAS BARREIRAS,PA,51,305142.4,1055413.947797258,28.91
1200401,RIO BRANCO,AC,30,304056.57,910043.1215925817,33.41
5107743,SANTA CRUZ DO XINGU,MT,8,298438.18,579244.8445732887,51.52
1600238,FERREIRA GOMES,AP,15,296209.55,496972.8548584676,59.6
1101104,ITAPUÃ DO OESTE,RO,14,285283.42000000004,418216.29825207894,68.21
5101803,BARRA DO GARÇAS,MT,34,275182.34,897933.0020725551,30.65
1506708,SANTANA DO ARAGUAIA,PA,32,274674.89999999997,1189030.0370633027,23.1
5102603,CAMPINÁPOLIS,MT,6,272762.16,636152.3266319742,42.88
2204550,GUARIBAS,PI,2,265975.73,319325.24287261907,83.29
1709005,GOIATINS,TO,5,265253.5,653589.3645894392,40.58
5105606,MATUPÁ,MT,12,263731.42,538380.5431820872,48.99
2104800,GRAJAÚ,MA,28,260540.37,894313.1569143427,29.13
1500347,ÁGUA AZUL DO NORTE,PA,32,257950.96999999997,720493.319529725,35.8
1100452,BURITIS,RO,24,252457.81999999998,336369.5786166639,75.05
1503093,GOIANÉSIA DO PARÁ,PA,26,251035.61,705008.9009784689,35.61
1100379,ALTO ALEGRE DOS PARECIS,RO,9,250426.32,414960.63009318453,60.35
1200104,BRASILÉIA,AC,11,247710.35,406452.63707263715,60.94
5102702,CANARANA,MT,4,247316.55,1144686.568893258,21.61
5106505,POCONÉ,MT,16,245622.45,1853184.0901700316,13.25
1101757,VALE DO ANARI,RO,15,244054.91999999998,322284.1613132612,75.73
1508084,TUCUMÃ,PA,7,241786.76,254522.04182592055,95.0
1301654,GUAJARÁ,AM,7,232922.35,769533.1356252524,30.27
1502707,CONCEIÇÃO DO ARAGUAIA,PA,55,231000.22,594213.3815514472,38.87
1400100,BOA VISTA,RR,10,229831.04,569701.217596536,40.34
1303403,PARINTINS,AM,13,227828.26,596197.6130787457,38.21
1501956,CACHOEIRA DO PIRIÁ,PA,8,226267.52000000002,241957.98266205506,93.52
1504950,NOVA ESPERANÇA DO PIRIÁ,PA,9,218477.18999999997,280977.3931442099,77.76
5106240,NOVA UBIRATÃ,MT,10,217620.33,915650.2126993424,23.77
1721109,TOCANTÍNIA,TO,11,216550.66,268074.0693153352,80.78
1717909,PONTE ALTA DO TOCANTINS,TO,6,210872.19,676894.9682664748,31.15
1200427,RODRIGUES ALVES,AC,20,209053.36,313671.50827424903,66.65
1302009,ITAPIRANGA,AM,9,206714.18,433803.1062923747,47.65
1100940,CUJUBIM,RO,26,204785.56,395921.12355602405,51.72
5106174,NOVA NAZARÉ,MT,6,203884.83,428442.16998459713,47.59
1100700,CAMPO NOVO DE RONDÔNIA,RO,24,203045.43,355484.5586084722,57.12
1100098,ESPIGÃO D'OESTE,RO,8,201575.1,469336.0448812757,42.95
2107357,NOVA OLINDA DO MARANHÃO,MA,8,200937.05000000002,245589.5289837603,81.82
2930154,SERRA DO RAMALHO,BA,8,200549.33000000002,247245.69325323965,81.11
5106752,PONTES E LACERDA,MT,17,200078.02,918886.0898559957,21.77
2201309,BARREIRAS DO PIAUÍ,PI,2,196627.38,223304.83840550508,88.05
5107776,SANTA TEREZINHA,MT,10,195859.06,667175.3750765638,29.36
5208004,FORMOSA,GO,19,184949.16999999998,622890.5704595429,29.69
1502954,ELDORADO DO CARAJÁS,PA,31,181726.84,298628.59936820826,60.85
1502152,CANAÃ DOS CARAJÁS,PA,17,177751.69,318264.06938714214,55.85
1100346,ALVORADA D'OESTE,RO,10,177356.59,314579.2388979104,56.38
2907202,CASA NOVA,BA,12,176827.24,988890.2549298314,17.88
1100924,CHUPINGUAIA,RO,15,176087.53,536252.374619555,32.84
2110005,SANTA LUZIA,MA,20,174987.13,485817.17788302945,36.02
2911105,FORMOSA DO RIO PRETO,BA,6,173652.99,1620354.135394911,10.72
5107354,SÃO JOSÉ DO XINGU,MT,6,172086.88,772088.978609858,22.29
5107941,TABAPORÃ,MT,2,170285.67,875812.6068264544,19.44
1504901,MUANÁ,PA,46,167648.55,376094.5032414822,44.58
1506187,RONDON DO PARÁ,PA,41,166054.15,828780.0675576037,20.04
1507458,SÃO GERALDO DO ARAGUAIA,PA,38,165236.03,320155.2386125346,51.61
1504703,MOJU,PA,27,164428.59,910353.7147513832,18.06
2101608,BARRA DO CORDA,MA,16,162427.88999999998,522924.2508193183,31.06
1300086,ANAMÃ,AM,9,162300.97,245225.9505213748,66.18
5105580,MARCELÂNDIA,MT,7,162074.97,1272162.0535877724,12.74
5103106,COCALINHO,MT,7,161472.7,1754690.1117115738,9.2
2101707,BARREIRINHAS,MA,11,160682.03999999998,305008.55060156854,52.68
1100189,PIMENTA BUENO,RO,12,158755.05,650796.4884173303,24.39
1501204,BAIÃO,PA,35,152382.92,376668.5022058644,40.46
1100056,CEREJEIRAS,RO,5,151951.07,293185.0555291248,51.83
5106158,NOVA BANDEIRANTES,MT,6,151828.02000000002,982661.7484673866,15.45
5103361,CONQUISTA D'OESTE,MT,8,150861.92,286305.9577141989,52.69
5001102,AQUIDAUANA,MS,14,150100.66999999998,1925332.883759817,7.8
5100359,ALTO BOA VISTA,MT,10,148382.4,234324.24924082888,63.32
5106778,PORTO ALEGRE DO NORTE,MT,20,147873.9,411111.5067240541,35.97
2918407,JUAZEIRO,BA,22,147829.04,690221.3053918105,21.42
1301852,IRANDUBA,AM,19,147306.91,222057.81929762813,66.34
2102804,CAROLINA,MA,4,143960.63,636439.6851317553,22.62
1500206,ACARÁ,PA,36,143877.89,434466.4313399806,33.12
1507706,SÃO SEBASTIÃO DA BOA VISTA,PA,38,141462.01,163128.41486711448,86.72
4109500,GUARAQUEÇABA,PR,8,139534.06,245214.54807835407,56.9
2903904,BOM JESUS DA LAPA,BA,23,139267.84,433687.69029321644,32.11
2611101,PETROLINA,PE,47,139254.19,467048.95877359045,29.82
2933604,XIQUE-XIQUE,BA,21,138723.51,526356.3914461872,26.36
3135209,JANUÁRIA,MG,16,137010.22,714961.3317980046,19.16
2110278,SANTO AMARO DO MARANHÃO,MA,2,135774.40000000002,158419.79608378376,85.71
2201150,BAIXA GRANDE DO RIBEIRO,PI,4,134854.14,797314.3197260984,16.91
2100956,ARAME,MA,17,133450.52,299532.6976615231,44.55
2105005,HUMBERTO DE CAMPOS,MA,4,133089.49,171625.72912164725,77.55
1301159,CAREIRO DA VÁRZEA,AM,8,132857.46,263289.471634713,50.46
3108255,BONITO DE MINAS,MG,4,132659.76,421187.7040492439,31.5
5213103,MINEIROS,GO,6,132249.74,993850.4828279816,13.31
1300680,BOA VISTA DO RAMOS,AM,7,130540.0,259401.4043767146,50.32
2102325,BURITICUPU,MA,18,126438.15,256619.93818850798,49.27
3126208,FORMOSO,MG,6,126118.13,394891.5781552769,31.94
1600303,MACAPÁ,AP,26,125752.90999999999,655676.8403856741,19.18
4317103,SANT'ANA DO LIVRAMENTO,RS,22,125374.43,937518.9680379695,13.37
2908101,COCOS,BA,5,125213.0,1079877.0369801738,11.6
2102036,BOM JESUS DAS SELVAS,MA,27,124564.8,269090.0454788406,46.29
1505205,OEIRAS DO PARÁ,PA,13,123808.36,385377.2193991465,32.13
5101852,BOM JESUS DO ARAGUAIA,MT,9,123691.95000000001,445997.28762187774,27.73
1508308,VISEU,PA,13,123383.93000000001,497048.8889031609,24.82
1303569,RIO PRETO DA EVA,AM,13,123319.73,581992.653836096,21.19
3135050,JAÍBA,MG,10,120358.91,282616.3996761239,42.59
2202307,CANTO DO BURITI,PI,4,119902.09999999999,441265.05068158853,27.17
5106182,NOVA LACERDA,MT,22,118195.35,508282.6325198059,23.25
5300108,BRASÍLIA,DF,29,116832.16,621036.1967971355,18.81
5103908,GENERAL CARNEIRO,MT,18,116676.04,485491.983574349,24.03
2202505,CARACOL,PI,3,115142.73999999999,164997.43611580998,69.78
3520301,IGUAPE,SP,15,115003.56999999999,238600.87221938334,48.2
5105903,NOBRES,MT,9,114515.84,415884.8312361558,27.54
5104542,ITANHANGÁ,MT,4,114003.34,303982.4706396137,37.5
1600808,VITÓRIA DO JARI,AP,1,113108.37,250670.32823392158,45.12
1100049,CACOAL,RO,5,112579.29000000001,393880.28215800854,28.58
2207900,PEDRO II,PI,10,112441.51000000001,155201.06044080152,72.45
2201903,BOM JESUS,PI,7,112428.97,560827.6876744841,20.05
5200605,ALTO PARAÍSO DE GOIÁS,GO,6,112236.5,275633.728829007,40.72
1710508,ITACAJÁ,TO,9,111709.18,311221.65480393526,35.89
4109609,GUARATUBA,PR,5,111362.01,163313.43535293068,68.19
2107100,MORROS,MA,13,111167.19,171465.20201726144,64.83
2112407,TURIAÇU,MA,18,109392.01,262159.7513287444,41.73
1508100,TUCURUÍ,PA,25,108975.9,209117.04245042,52.11
2918100,JEREMOABO,BA,7,107788.11,439350.45702971733,24.53
3116159,CHAPADA GAÚCHA,MG,4,107295.68000000001,349865.0556893628,30.67
2612604,SANTA MARIA DA BOA VISTA,PE,52,106115.58,306574.6644501081,34.61
3521200,IPORANGA,SP,19,106074.4,138832.7907779262,76.4
3509908,CANANÉIA,SP,24,105412.79000000001,150324.3675985807,70.12
1507979,TERRA SANTA,PA,9,104097.19,189578.33149967817,54.91
4105300,CÉU AZUL,PR,1,104035.63,143934.29319975676,72.28
1200013,ACRELÂNDIA,AC,15,103781.89,186458.03306179677,55.66
1400605,SÃO LUIZ,RR,8,102159.4,152542.4124634856,66.97
5003207,CORUMBÁ,MS,23,101971.79000000001,7171230.0672626635,1.42
1301506,ENVIRA,AM,6,98836.5,762834.0234440818,12.96
1501576,BOM JESUS DO TOCANTINS,PA,11,98717.94,283505.2669538528,34.82
2100204,ALCÂNTARA,MA,16,98543.64,116855.59490421141,84.33
2103158,CENTRO DO GUILHERME,MA,13,97467.25,113530.95627664623,85.85
3164308,SÃO ROQUE DE MINAS,MG,1,97103.85,237782.40880486512,40.84
1508126,ULIANÓPOLIS,PA,19,96562.97,510473.6047629966,18.92
2102606,CÂNDIDO MENDES,MA,10,96497.03,164313.65627011665,58.73
2105476,JENIPAPO DOS VIEIRAS,MA,3,95732.11,197735.43262183398,48.41
3140852,MATIAS CARDOSO,MG,10,95284.16,207461.1850943684,45.93
5214903,NOVA ROMA,GO,7,94235.28,226205.87764744426,41.66
3505401,BARRA DO TURVO,SP,10,93398.88,122165.68617983897,76.45
2907103,CARINHANHA,BA,16,93025.44,267871.9047091963,34.73
1100072,CORUMBIARA,RO,16,92329.69,321657.2735310572,28.7
5007901,SIDROLÂNDIA,MS,23,91443.83,603675.5103607808,15.15
2107001,MONTES ALTOS,MA,7,91443.45,150295.37343982197,60.84
1600600,SANTANA,AP,5,90997.13,153937.6110305455,59.11
2924405,PILÃO ARCADO,BA,2,90763.97,1194229.6185322555,7.6
1702208,ARAGUATINS,TO,52,90458.98,265583.43263549777,34.06
2906006,CAMPO FORMOSO,BA,3,89225.18000000001,738564.3740616105,12.08
1503044,FLORESTA DO ARAGUAIA,PA,25,88557.8,350015.755334302,25.3
2605707,FLORESTA,PE,32,88190.59,371474.90620218305,23.74
1501782,BREU BRANCO,PA,25,88127.83,395371.71829471766,22.29
5101605,BARÃO DE MELGAÇO,MT,5,86820.39,1239148.6813476346,7.01
5006606,PONTA PORÃ,MS,14,86701.90999999999,623862.9104816406,13.9
5106257,NOVA XAVANTINA,MT,14,85959.64,585518.5318731964,14.68
2312205,SANTA QUITÉRIA,CE,29,85921.78,428154.85775929544,20.07
5106828,PORTO ESPERIDIÃO,MT,28,85848.57,630155.433497867,13.62
1502301,CAPITÃO POÇO,PA,25,85642.88,290125.70643571304,29.52
2928406,SANTA RITA DE CÁSSIA,BA,22,85615.44,624967.3291894923,13.7
3514809,ELDORADO,SP,19,85093.58,199296.39768113772,42.7
2209757,SÃO GONÇALO DO GURGUÉIA,PI,2,85090.23,142708.09172665348,59.63
2103703,CURURUPU,MA,3,85059.87,125522.3724029137,67.76
3303807,PARATY,RJ,21,84227.61,109079.6501796103,77.22
1503457,IPIXUNA DO PARÁ,PA,29,84212.5,522183.5220218831,16.13
1508357,VITÓRIA DO XINGU,PA,11,83918.81,309502.6741889231,27.11
2105104,ICATU,MA,6,83303.59,112547.236129272,74.02
5107008,POXORÉU,MT,13,83128.17,746020.366567065,11.14
2206357,MILTON BRANDÃO,PI,12,82908.83,131633.5820797756,62.98
2109403,PRIMEIRA CRUZ,MA,4,82666.65000000001,133852.5691535547,61.76
5100201,ÁGUA BOA,MT,11,81794.1,800435.6739810674,10.22
1200179,CAPIXABA,AC,9,79806.76999999999,176100.34433904098,45.32
5219803,SÃO DOMINGOS,GO,8,79618.4,352379.0302912904,22.59
5107701,ROSÁRIO OESTE,MT,14,79146.92,783656.5887322023,10.1
2314102,VIÇOSA DO CEARÁ,CE,17,78184.72,131432.35097554335,59.49
2921708,MORRO DO CHAPÉU,BA,15,77815.62,597261.7524130511,13.03
5107883,SERRA NOVA DOURADA,MT,11,77809.59,155608.81146877317,50.0
1703008,BABAÇULÂNDIA,TO,17,77803.67,181628.88814220266,42.84
2302800,CANINDÉ,CE,46,77798.27,304656.792825669,25.54
1721000,PALMAS,TO,18,77554.53,229647.0835232974,33.77
1200252,EPITACIOLÂNDIA,AC,5,77549.98,171139.98396928684,45.31
1101708,URUPÁ,RO,5,77535.19,86262.93935421227,89.88
2921906,MUCUGÊ,BA,2,77485.17,259131.25055115728,29.9
2304707,GRANJA,CE,16,77417.13,266839.4095977256,29.01
1505635,PIÇARRA,PA,23,77406.59,335191.6647085015,23.09
2925303,PORTO SEGURO,BA,21,77074.58,248516.4949388289,31.01
1304401,URUCURITUBA,AM,4,76297.5,286732.03719881317,26.61
2920205,MALHADA,BA,14,75960.61,209483.29186612682,36.26
5102694,CANABRAVA DO NORTE,MT,11,75725.79000000001,357908.17185247876,21.16
3551801,SETE BARRAS,SP,9,75544.95999999999,127583.64425898051,59.21
1502939,DOM ELISEU,PA,21,75103.5,529025.3742995529,14.2
5108600,VILA RICA,MT,13,74758.93,765612.7137636213,9.76
2915353,ITAGUAÇU DA BAHIA,BA,12,74173.38,445987.35503120004,16.63
3170404,UNAÍ,MG,29,74013.65,915896.5452610314,8.08
2210607,SÃO RAIMUNDO NONATO,PI,5,73996.73999999999,247203.91011004776,29.93
2208304,PIRACURUCA,PI,7,73946.29,237673.377918497,31.11
2926004,REMANSO,BA,3,73674.78,469766.2030003957,15.68
5006200,NOVA ANDRADINA,MS,7,72754.33,552889.6759069833,13.16
2925501,PRADO,BA,21,72697.99,184954.33082714432,39.31
2104677,GOVERNADOR NUNES FREIRE,MA,8,72679.15,104928.71174006462,69.27
5207907,FLORES DE GOIÁS,GO,20,72662.73,394128.0984979294,18.44
2930758,SÍTIO DO MATO,BA,20,72003.88,170996.45977530623,42.11
2913606,ILHÉUS,BA,26,71165.70000000001,169593.61543077647,41.96
3135803,JEQUITINHONHA,MG,9,70329.1,381155.9918303435,18.45
1716604,PEIXE,TO,34,69360.4,553491.6183954221,12.53
1502855,CURUÁ,PA,13,68659.17,143106.57783219847,47.98
5214606,NIQUELÂNDIA,GO,13,68284.99,1048782.6194224253,6.51
5103502,DIAMANTINO,MT,26,68096.52,877044.9616730578,7.76
2927101,RODELAS,BA,5,68015.85,226174.9299574772,30.07
2203420,DOMINGOS MOURÃO,PI,14,67862.81,85233.4815952291,79.62
2608750,LAGOA GRANDE,PE,50,67850.76,189159.930717864,35.87
5103007,CHAPADA DOS GUIMARÃES,MT,23,67594.3,707370.3922324566,9.56
2208700,REDENÇÃO DO GURGUÉIA,PI,4,67216.7,253661.28670040556,26.5
2210409,SÃO MIGUEL DO TAPUIO,PI,9,67074.97,503298.7929500727,13.33
2114007,ZÉ DOCA,MA,44,66851.59999999999,214440.92212770748,31.17
3162450,SÃO JOÃO DAS MISSÕES,MG,9,66290.92,72504.09291520044,91.43
1100023,ARIQUEMES,RO,14,65910.59,455597.15591442946,14.47
1504976,NOVA IPIXUNA,PA,16,65598.04,157409.02692236673,41.67
1506161,RIO MARIA,PA,24,65352.07,417754.8340377121,15.64
1721208,TOCANTINÓPOLIS,TO,4,65179.549999999996,109521.348279179,59.51
1508407,XINGUARA,PA,24,65060.79,382999.30350160936,16.99
3107307,BOCAIÚVA,MG,4,64430.5,351117.7617886205,18.35
5103403,CUIABÁ,MT,16,64243.35,465648.8804460214,13.8
5004304,IGUATEMI,MS,13,64221.51,350510.73358596105,18.32
1500958,AURORA DO PARÁ,PA,22,64016.15,181238.66194624457,35.32
3121209,DELFINÓPOLIS,MG,1,63694.83,156502.75773237034,40.7
3537206,PEDRO DE TOLEDO,SP,6,63411.29000000001,80352.00130997664,78.92
1504000,LIMOEIRO DO AJURU,PA,30,63332.24,148911.93361691872,42.53
5205521,COLINAS DO SUL,GO,9,62694.39,181054.23488284752,34.63
2112456,TURILÂNDIA,MA,10,62646.45,150828.36542961994,41.53
3555406,UBATUBA,SP,11,62591.55,83856.76726429567,74.64
1707702,FILADÉLFIA,TO,13,62307.08,202306.71818520638,30.8
3529906,MIRACATU,SP,16,62275.170000000006,120086.38583463109,51.86
2203107,CRISTINO CASTRO,PI,7,62059.01,188717.30489395623,32.88
4101200,ANTONINA,PR,5,61722.4,108826.00658895807,56.72
3300100,ANGRA DOS REIS,RJ,16,61637.240000000005,95765.31222435611,64.36
1101302,MIRANTE DA SERRA,RO,7,61500.229999999996,123576.16547487653,49.77
1714880,NOVA OLINDA,TO,13,61328.74,159391.47689509677,38.48
1501253,BANNACH,PA,6,61234.86,300374.1366927361,20.39
1507953,TAILÂNDIA,PA,10,60329.350000000006,443653.2991176088,13.6
1712801,MAURILÂNDIA DO TOCANTINS,TO,4,59591.75,74354.59135877973,80.15
1101450,PARECIS,RO,8,59251.619999999995,266507.2914888453,22.23
5106216,NOVA CANAÃ DO NORTE,MT,17,59176.32,615685.3505414589,9.61
5006358,PARANHOS,MS,33,58970.200000000004,155566.59212851292,37.91
1200807,PORTO ACRE,AC,11,58452.909999999996,267519.65379222104,21.85
5108055,TERRA NOVA DO NORTE,MT,8,58296.36,247883.3765518557,23.52
2105427,ITINGA DO MARANHÃO,MA,26,57933.72,359899.2567389604,16.1
2909901,CURAÇÁ,BA,15,57753.42,609923.1006361224,9.47
2105401,ITAPECURU MIRIM,MA,52,57256.020000000004,148399.45055539673,38.58
1507151,SÃO DOMINGOS DO ARAGUAIA,PA,24,57163.65,140434.6394574069,40.7
1200450,SENADOR GUIOMARD,AC,12,57053.22,238972.5311310599,23.87
2408003,MOSSORÓ,RN,38,56913.659999999996,211388.98522504323,26.92
5102686,CAMPOS DE JÚLIO,MT,22,56821.45,717824.4473884732,7.92
1715705,PALMEIRANTE,TO,15,56777.94,268551.0920543213,21.14
3136306,JOÃO PINHEIRO,MG,11,56632.64,1178602.6137775942,4.81
1507201,SÃO DOMINGOS DO CAPIM,PA,17,56363.6,168653.91845541482,33.42
3104502,ARINOS,MG,21,56124.340000000004,568976.2625262089,9.86
3132107,ITACARAMBI,MG,16,56025.27,131325.37963287043,42.66
5220207,SÃO MIGUEL DO ARAGUAIA,GO,12,55859.34,647563.6442932637,8.63
3519709,IBIÚNA,SP,2,55790.0,126105.34961585935,44.24
5107792,SANTO ANTÔNIO DO LESTE,MT,2,55564.57,363539.47906913015,15.28
2208403,PIRIPIRI,PI,11,55407.48,141350.34153798348,39.2
1502103,CAMETÁ,PA,39,55128.32,308323.319931685,17.88
5107800,SANTO ANTÔNIO DE LEVERGER,MT,27,55095.509999999995,1034057.9035925441,5.33
1700400,ALMAS,TO,1,54717.02,416487.1155030414,13.14
5104526,IPIRANGA DO NORTE,MT,9,54575.020000000004,357177.1875185309,15.28
2922250,MUQUÉM DO SÃO FRANCISCO,BA,14,54542.58,402648.9255501956,13.55
2102200,BURITI,MA,7,54111.81,148080.72465392237,36.54
2106904,MONÇÃO,MA,29,54051.11,124865.2863128664,43.29
5005103,JATEÍ,MS,6,53907.15,226683.78561597527,23.78
5213087,MINAÇU,GO,11,53886.53,301389.68657258723,17.88
3109204,BUENÓPOLIS,MG,3,53851.11,176315.47782687837,30.54
5208905,GOIÁS,GO,32,53846.479999999996,335316.6521254352,16.06
5203104,BALIZA,GO,9,53654.240000000005,193022.31151064037,27.8
3145455,OLHOS-D'ÁGUA,MG,2,53598.88,229535.31957122823,23.35
5002407,CAARAPÓ,MS,6,53401.45,247646.60803848223,21.56
1701903,ARAGUACEMA,TO,21,53248.32,283927.2177523692,18.75
5101704,BARRA DO BUGRES,MT,12,53186.82000000001,639946.3885222987,8.31
5221080,TERESINA DE GOIÁS,GO,5,53020.91,82998.01958253862,63.88
2112308,TUNTUM,MA,7,52791.77,339736.57434703375,15.54
1100114,JARU,RO,7,52497.49,304276.38024765725,17.25
1716208,PARANÃ,TO,6,52394.69,1176906.236178172,4.45
1101401,MONTE NEGRO,RO,5,52208.63,199125.20061649007,26.22
5005707,NAVIRAÍ,MS,6,51589.34,375725.61335104506,13.73
3127339,GAMELEIRAS,MG,3,51560.07,185406.81383715005,27.81
3117836,CÔNEGO MARINHO,MG,6,51414.32,172301.81239962013,29.84
2205359,JOÃO COSTA,PI,3,51388.549999999996,183842.6593337661,27.95
5004601,ITAQUIRAÍ,MS,22,51367.0,244249.8966033567,21.03
2932507,UNA,BA,21,51329.26,120810.63915036297,42.49
1505700,PONTA DE PEDRAS,PA,7,51161.23,336101.05635833356,15.22
3127800,GRÃO MOGOL,MG,2,51078.33,421727.5627917201,12.11
3147006,PARACATU,MG,16,51065.67,900110.0634717818,5.67
1507508,SÃO JOÃO DO ARAGUAIA,PA,21,51024.11,128988.40819416066,39.56
3300803,CACHOEIRAS DE MACACU,RJ,10,50998.91,111637.05047133999,45.68
1720150,SÃO FÉLIX DO TOCANTINS,TO,2,50673.6,197064.05063262588,25.71
2103000,CAXIAS,MA,20,50066.86,523181.8590861526,9.57
2900207,ABARÉ,BA,6,50024.56,164143.1874736065,30.48
5213509,MONTE ALEGRE DE GOIÁS,GO,2,49925.369999999995,328892.05323353055,15.18
2805406,POÇO REDONDO,SE,29,49914.130000000005,110552.65702711893,45.15
2100055,AÇAILÂNDIA,MA,24,49609.32,583856.8052519143,8.5
3554300,TEODORO SAMPAIO,SP,5,49534.53,181658.09449888158,27.27
4116208,MORRETES,PR,9,49446.119999999995,83852.55844442225,58.97
1706506,DARCINÓPOLIS,TO,13,49085.65,166269.80215415484,29.52
3137007,LADAINHA,MG,3,48605.670000000006,95200.43103562969,51.06
1501105,BAGRE,PA,17,48394.11,439966.7610722547,11.0
5102793,CARLINDA,MT,9,48350.65,249520.75085369067,19.38
2901403,ANGICAL,BA,2,48341.590000000004,159736.71864832815,30.26
1718899,SANTA RITA DO TOCANTINS,TO,12,48146.14,339956.98646768514,14.16
1506138,REDENÇÃO,PA,21,48085.61,389546.40080667863,12.34
2111078,SÃO JOÃO DO SOTER,MA,9,48028.03,144741.4871934004,33.18
2304103,CRATEÚS,CE,16,47927.47,300237.22481241036,15.96
4302907,CACEQUI,RS,2,47843.46,315054.4362686122,15.19
2204402,GILBUÉS,PI,3,47446.75,359113.2969332202,13.21
2100907,ARAIOSES,MA,7,47404.35,179235.68926020674,26.45
1200385,PLÁCIDO DE CASTRO,AC,3,47247.600000000006,201350.96810705165,23.47
2202026,BURITI DOS MONTES,PI,9,47189.36,245413.08730304518,19.23
1200138,BUJARI,AC,16,47188.79,311834.3656140187,15.13
2106375,MARANHÃOZINHO,MA,11,46677.74,78211.22810100751,59.68
2102903,CARUTAPERA,MA,7,46677.3,125973.44166152526,37.05
2210953,TAMBORIL DO PIAUÍ,PI,1,46609.9,162048.28886019858,28.76
2109809,SANTA HELENA,MA,15,46581.06,219242.50564177122,21.25
5106851,PORTO ESTRELA,MT,12,46482.38,219952.92015908452,21.13
2903805,BOA VISTA DO TUPIM,BA,13,46197.19,312000.7994797782,14.81
5005806,NIOAQUE,MS,12,45920.08,448264.5534164738,10.24
1500107,ABAETETUBA,PA,29,45866.67,161015.3044567918,28.49
2103307,CODÓ,MA,16,45752.81,438448.55256836273,10.44
2109601,ROSÁRIO,MA,13,45689.1,64893.02331434661,70.41
2614808,TACARATU,PE,14,45656.280000000006,129418.5105763537,35.28
3140308,MARLIÉRIA,MG,1,45645.89,61461.85455534829,74.27
2901304,ANDARAÍ,BA,9,45086.67,166841.73338688686,27.02
3526100,JUQUIÁ,SP,2,44993.47,97489.6766080935,46.15
2100477,ALTO ALEGRE DO PINDARÉ,MA,9,44925.33,188182.40404136365,23.87
2930006,SEBASTIÃO LARANJEIRAS,BA,4,44910.92,211520.053467284,21.23
2100873,ARAGUANÃ,MA,25,44741.6,80653.37147302192,55.47
2209872,SÃO JOÃO DA FRONTEIRA,PI,7,44701.21,82008.38943845652,54.51
1503077,GARRAFÃO DO NORTE,PA,9,44691.84,160836.9519965929,27.79
2311405,QUIXERAMOBIM,CE,17,44595.74,332577.93365857645,13.41
1101609,THEOBROMA,RO,16,44432.25,226423.8337364208,19.62
2108256,PEDRO DO ROSÁRIO,MA,51,44225.1,175649.12719509273,25.18
5002159,BODOQUENA,MS,8,44158.159999999996,294697.33818880166,14.98
3305604,SILVA JARDIM,RJ,8,43957.61,109731.34239337954,40.06
1702406,ARRAIAS,TO,2,43844.96,609415.7638510173,7.19
1718758,RIO SONO,TO,6,43697.64,652061.0821245926,6.7
2304202,CRATO,CE,4,43377.35,115498.03332719774,37.56
2104057,ESTREITO,MA,13,43317.25,275485.52104547946,15.72
3301009,CAMPOS DOS GOYTACAZES,RJ,17,43295.39,466432.24300477514,9.28
2102374,CACHOEIRA GRANDE,MA,14,43213.16,70845.48332384364,61.0
1304005,SILVES,AM,4,43052.35,372786.1296598332,11.55
1701309,ARAGOMINAS,TO,8,42994.86,118400.68052509995,36.31
1506559,SANTA LUZIA DO PARÁ,PA,6,42965.9,134600.94555400076,31.92
1707108,DIVINÓPOLIS DO TOCANTINS,TO,26,42850.479999999996,242374.1646449761,17.68
2100550,AMAPÁ DO MARANHÃO,MA,3,42828.44,49356.642576416176,86.77
5107305,SÃO JOSÉ DO RIO CLARO,MT,7,42252.61,478070.20959913847,8.84
1702109,ARAGUAÍNA,TO,20,42185.24,406558.13002026465,10.38
3506359,BERTIOGA,SP,5,42044.04,58545.5278990644,71.81
4100202,ADRIANÓPOLIS,PR,5,41807.09,163305.17188592674,25.6
1503507,IRITUIA,PA,13,41689.479999999996,138491.3293170402,30.1
2203206,CURIMATÁ,PI,4,41606.2,241358.0719252294,17.24
2110039,SANTA LUZIA DO PARUÁ,MA,13,41566.27,101125.90672031112,41.1
2615805,TUPANATINGA,PE,9,41492.03,86632.77535564566,47.89
4118204,PARANAGUÁ,PR,14,41480.909999999996,100802.0410916403,41.15
2919306,LENÇÓIS,BA,13,41425.9,134322.30117157634,30.84
2606606,IBIMIRIM,PE,26,41408.740000000005,197068.71255981617,21.01
2201960,BRASILEIRA,PI,8,41385.46,88431.98515216491,46.8
5217609,PLANALTINA,GO,11,41266.45,274542.80106856226,15.03
1505551,PAU D'ARCO,PA,7,40974.23,170000.8651969386,24.1
3121605,DIAMANTINA,MG,2,40964.7,429436.0806255768,9.54
3304557,RIO DE JANEIRO,RJ,60,40796.51,141184.99777679335,28.9
2103604,COROATÁ,MA,28,40749.06,227251.78596747573,17.93
1600253,ITAUBAL,AP,9,40702.0,162104.82851255024,25.11
5106224,NOVA MUTUM,MT,16,40582.38,1008186.900128194,4.03
2202703,COCAL,PI,2,40488.479999999996,129724.85456728391,31.21
2209302,SANTA LUZ,PI,3,40481.22,121371.72148402192,33.35
3303401,NOVA FRIBURGO,RJ,6,40321.700000000004,109069.85982082228,36.97
5218003,PORANGATU,GO,16,40318.16,508672.40912912454,7.93
5107602,RONDONÓPOLIS,MT,34,40130.78,524238.59549100953,7.66
3139300,MANGA,MG,11,40093.09,208001.87416717925,19.28
2205532,JUREMA,PI,2,40007.200000000004,130211.63335777681,30.72
5107909,SINOP,MT,4,39967.92,415623.2246403673,9.62
1500909,AUGUSTO CORRÊA,PA,1,39724.09,109865.35909668398,36.16
2112605,URBANO SANTOS,MA,13,39644.79,170962.70713713233,23.19
5102678,CAMPO VERDE,MT,16,39207.97,512181.43123936834,7.66
2909109,CORIBE,BA,11,39145.56,282179.5238710822,13.87
3109303,BURITIS,MG,24,39042.25,561511.5081021212,6.95
5206206,CRISTALINA,GO,11,39006.78,669611.1632444345,5.83
3510500,CARAGUATATUBA,SP,2,38947.090000000004,57654.03339797686,67.55
1508001,TOMÉ-AÇU,PA,15,38883.82,515008.35330755956,7.55
2933505,WENCESLAU GUIMARÃES,BA,26,38761.58,69246.61245952702,55.98
4200101,ABELARDO LUZ,SC,30,38429.54,118939.98944716608,32.31
5105309,LUCIARA,MT,10,38374.12,443847.53229044017,8.65
3510203,CAPÃO BONITO,SP,7,38202.63,196201.43487479832,19.47
2112803,VIANA,MA,19,38179.2,116885.70752482273,32.66
3109402,BURITIZEIRO,MG,8,38121.98,790349.9157661207,4.82
3154457,RIACHINHO,MG,9,37659.54,186260.48090789162,20.22
4126355,SERRANÓPOLIS DO IGUAÇU,PR,1,37630.61,59046.73729547009,63.73
1719004,SANTA TEREZA DO TOCANTINS,TO,1,37540.92,55653.28618424197,67.45
4317301,SANTA VITÓRIA DO PALMAR,RS,1,36980.76,740677.1953352861,4.99
4323002,VIAMÃO,RS,11,36683.33,199564.71397742225,18.38
3131703,ITABIRA,MG,16,36616.729999999996,141092.69906745132,25.95
2111029,SÃO JOÃO DO CARÚ,MA,4,36603.57,91237.85801309069,40.12
1703909,CASEARA,TO,21,36446.15,172369.60978429735,21.14
5102850,CASTANHEIRA,MT,1,36372.68,384667.2205152386,9.46
5106299,PARANAÍTA,MT,2,36302.14000000001,494505.00720469945,7.34
4120903,QUEDAS DO IGUAÇU,PR,4,36296.96,100522.41825025853,36.11
3155603,RIO PARDO DE MINAS,MG,3,36277.89,335860.7461973655,10.8
1720101,SÃO BENTO DO TOCANTINS,TO,23,36243.49,111020.55970950368,32.65
1718204,PORTO NACIONAL,TO,27,36093.45,458181.96132614533,7.88
3303906,PETRÓPOLIS,RJ,10,36029.030000000006,92350.41359517354,39.01
4209102,JOINVILLE,SC,5,35881.1,139845.5622572474,25.66
3550704,SÃO SEBASTIÃO,SP,7,35771.03,47923.25933749165,74.64
3520400,ILHABELA,SP,2,35697.85,41312.792342355526,86.41
3108503,BOTUMIRIM,MG,1,35695.24,171135.62567763534,20.86
2103208,CHAPADINHA,MA,16,35681.37,325946.8203247837,10.95
4115606,MATELÂNDIA,PR,1,35491.87,78079.1606196596,45.46
2923704,PARATINGA,BA,5,35449.29,275392.15955401014,12.87
5204409,CAIAPÔNIA,GO,14,35436.520000000004,941846.3764895188,3.76
5100300,ALTO ARAGUAIA,MT,7,35383.869999999995,583228.3483809205,6.07
2202901,CORRENTE,PI,1,35352.64,314680.54670026654,11.23
1100148,NOVA BRASILÂNDIA D'OESTE,RO,10,35169.83,177269.82166562855,19.84
2102408,CAJAPIÓ,MA,1,35134.36,54594.94875111354,64.35
3168606,TEÓFILO OTONI,MG,6,35022.6,356657.6493942892,9.82
1503804,JACUNDÁ,PA,7,34807.01,201880.4011590997,17.24
5106281,NOVO SÃO JOAQUIM,MT,7,34591.990000000005,559560.3846092047,6.18
2610905,PESQUEIRA,PE,18,34409.15,99022.22981920901,34.75
3550308,SÃO PAULO,SP,26,34379.450000000004,180881.64620985958,19.01
3146552,PAI PEDRO,MG,5,34204.380000000005,90217.1424269597,37.91
2611002,PETROLÂNDIA,PE,11,34189.659999999996,108100.38151114309,31.63
2612208,SALGUEIRO,PE,12,34106.21000000001,171051.9399114866,19.94
4122156,RIO BONITO DO IGUAÇU,PR,4,34040.03,83502.31989712389,40.77
5007976,TAQUARUSSU,MS,4,33962.659999999996,123305.49979126047,27.54
2921609,MORPARÁ,BA,3,33925.78,218122.79536742243,15.55
5002209,BONITO,MS,6,33721.07,616135.8635209781,5.47
2311959,SALITRE,CE,5,33653.12,81806.46458022759,41.14
2312106,SANTANA DO CARIRI,CE,2,33646.14,86774.9864454466,38.77
5213772,MONTIVIDIU DO NORTE,GO,13,33421.92,140798.14439318827,23.74
2202851,CORONEL JOSÉ DIAS,PI,1,33265.1,197062.74008270534,16.88
1502004,CACHOEIRA DO ARARI,PA,8,33255.42,309730.12919514487,10.74
2301307,ARARIPE,CE,1,33033.3,111358.68643105528,29.66
2905800,CAMAMU,BA,21,32919.48,89057.08914812922,36.96
5100508,ALTO PARAGUAI,MT,10,32915.48,197235.20330627437,16.69
1507904,SOURE,PA,3,32742.76,285407.2901145741,11.47
2101301,BACURI,MA,5,32703.78,83179.15174632204,39.32
2926202,RIACHÃO DAS NEVES,BA,8,32580.81,621266.915486235,5.24
1713601,MONTE DO CARMO,TO,14,32537.13,372562.3948112448,8.73
2920452,MANSIDÃO,BA,8,32335.29,324598.7357899188,9.96
2603009,CABROBÓ,PE,38,32178.08,169238.23846359842,19.01
2103505,COLINAS,MA,8,31980.19,199837.9240921863,16.0
1712504,MARIANÓPOLIS DO TOCANTINS,TO,4,31805.129999999997,214874.64706453425,14.8
4212304,PAULO LOPES,SC,2,31789.219999999998,57039.73802328784,55.73
2930774,SOBRADINHO,BA,6,31708.5,139329.31235799898,22.76
2602605,BREJO DA MADRE DE DEUS,PE,11,31692.96,77611.77936720091,40.84
2205706,LUÍS CORREIA,PI,3,31623.78,107592.19618520224,29.39
2911402,GLÓRIA,BA,5,31559.920000000002,160575.85135501894,19.65
1716653,PEQUIZEIRO,TO,16,31470.989999999998,123063.27234319983,25.57
4128625,ALTO PARAÍSO,PR,2,31427.21,114880.06636290996,27.36
2915007,ITAETÉ,BA,14,31312.46,140166.69456004552,22.34
1501709,BRAGANÇA,PA,5,31296.62,212307.46709124118,14.74
1503309,IGARAPÉ-MIRI,PA,15,31122.57,199696.3391999523,15.58
5106208,NOVA BRASILÂNDIA,MT,5,31114.21,351293.54440134484,8.86
2313401,TIANGUÁ,CE,9,30912.43,91260.29907517045,33.87
2311801,RUSSAS,CE,16,30748.61,151465.89189877445,20.3
2100709,ANAJATUBA,MA,8,30616.140000000003,94237.30219365456,32.49
5215603,PADRE BERNARDO,GO,14,30615.92,337413.7480951418,9.07
2107803,PARNARAMA,MA,7,30593.82,327397.8147439368,9.34
2112506,TUTÓIA,MA,8,30560.39,156823.7156848812,19.49
2210003,SÃO JOÃO DO PIAUÍ,PI,6,30510.67,155796.7498654338,19.58
2108603,PINHEIRO,MA,20,30500.760000000002,151401.42002305842,20.15
2104305,GODOFREDO VIANA,MA,4,30496.890000000003,72524.2242983224,42.05
2301901,BARBALHA,CE,2,30409.5,61759.34063783562,49.24
5105002,JAURU,MT,5,30395.760000000002,144376.3701328456,21.05
5000252,ALCINÓPOLIS,MS,4,30344.519999999997,486435.02377365,6.24
2205904,MANOEL EMÍDIO,PI,5,30123.039999999997,165185.48842188978,18.24
2603926,CARNAUBEIRA DA PENHA,PE,4,29980.98,102480.55117620666,29.26
2914901,ITACARÉ,BA,15,29907.47,77262.6776817792,38.71
1504307,MARACANÃ,PA,7,29763.210000000003,80681.4289801438,36.89
4316402,ROSÁRIO DO SUL,RS,2,29672.059999999998,581303.5023799146,5.1
2607000,INAJÁ,PE,11,29603.43,126899.14916945086,23.33
3162203,SÃO JOÃO BATISTA DO GLÓRIA,MG,1,29450.38,62385.832418072954,47.21
1707405,ESPERANTINA,TO,17,29376.57,50992.784494823834,57.61
2106607,MATÕES,MA,7,29287.59,212474.03580255707,13.78
2109502,RIACHÃO,MA,6,29194.449999999997,650828.5019067106,4.49
2206209,MIGUEL ALVES,PI,15,29190.510000000002,139803.53279646608,20.88
5220009,SÃO JOÃO D'ALIANÇA,GO,14,29063.05,355126.5171989854,8.18
3522109,ITANHAÉM,SP,7,29053.29,72034.83554634785,40.33
4109401,GUARAPUAVA,PR,18,28800.11,387080.3202906181,7.44
2920700,MARAÚ,BA,15,28698.71,90143.39862171335,31.84
2906907,CARAVELAS,BA,3,28696.370000000003,261408.48982915014,10.98
2109239,PRESIDENTE MÉDICI,MA,7,28537.329999999998,43784.61445213826,65.18
2601102,ARARIPINA,PE,1,28463.58,207100.66401426645,13.74
2101004,ARARI,MA,8,28461.2,110264.86102653522,25.81
2923902,PAU BRASIL,BA,3,28412.989999999998,67313.26921642773,42.21
5000609,AMAMBAI,MS,16,28194.329999999998,494990.67852316,5.7
3303500,NOVA IGUAÇU,RJ,24,28138.12,61020.83649165176,46.11
1100403,ALTO PARAÍSO,RO,6,28137.38,272489.9515980291,10.33
1703206,BERNARDO SAYÃO,TO,2,28010.010000000002,94095.98199288806,29.77
2112704,VARGEM GRANDE,MA,18,27978.42,196451.25452771116,14.24
3134608,JABOTICATUBAS,MG,2,27947.04,125142.85497366889,22.33
2915403,ITAJU DO COLÔNIA,BA,1,27892.52,131290.2530344402,21.24
5105176,JURUENA,MT,2,27815.77,331115.1570326086,8.4
1710706,ITAGUATINS,TO,17,27732.75,73676.26579990063,37.64
5206404,CRIXÁS,GO,11,27707.13,498384.24913727,5.56
3302601,MANGARATIBA,RJ,11,27615.04,43258.20893883009,63.84
3136959,JUVENÍLIA,MG,7,27440.21,113289.31671603344,24.22
1706001,COUTO MAGALHÃES,TO,20,27402.65,161686.1296658695,16.95
1101435,NOVA UNIÃO,RO,7,27395.739999999998,83582.40251227767,32.78
5103056,CLÁUDIA,MT,6,27362.510000000002,399531.18798907235,6.85
2909307,CORRENTINA,BA,2,27339.63,1214508.9582196174,2.25
1715101,NOVO ACORDO,TO,3,27327.44,276028.06790337374,9.9
2905404,CAIRU,BA,2,26979.97,47399.70806072055,56.92
2105658,JUNCO DO MARANHÃO,MA,10,26936.57,56842.65691726403,47.39
2201200,BARRAS,PI,20,26871.49,172959.65116155165,15.54
2104206,FORTUNA,MA,2,26854.77,84272.37845608356,31.87
5105622,MIRASSOL D'OESTE,MT,11,26835.510000000002,116874.60948349645,22.96
2903201,BARREIRAS,BA,8,26810.559999999998,841167.7053998593,3.19
5214051,MUNDO NOVO,GO,8,26788.04,226707.13334761554,11.82
4110201,INÁCIO MARTINS,PR,7,26757.589999999997,114948.42257658817,23.28
4321352,TAVARES,RS,1,26724.17,83293.2987700567,32.08
2105989,LAJEADO NOVO,MA,2,26561.59,107439.93940100103,24.72
2932705,URUÇUCA,BA,14,26401.6,54346.086861879085,48.58
4121000,QUERÊNCIA DO NORTE,PR,19,26382.11,107785.60031007306,24.48
1707306,DUERÉ,TO,8,26304.64,355520.33338126505,7.4
2922607,NILO PEÇANHA,BA,5,26249.21,41125.71160724543,63.83
5004809,JAPORÃ,MS,17,26230.899999999998,49658.48399131443,52.82
2914406,IRAQUARA,BA,2,26168.79,103699.97910556833,25.24
3201605,CONCEIÇÃO DA BARRA,ES,14,26146.73,131168.21485062892,19.93
5207253,DOVERLÂNDIA,GO,15,26109.22,351574.07773213857,7.43
3205010,SOORETAMA,ES,1,26053.55,65594.76353770815,39.72
1722081,WANDERLÂNDIA,TO,11,25887.89,138367.42606578383,18.71
1506302,SALVATERRA,PA,9,25721.44,91758.70807672167,28.03
1718840,SANDOLÂNDIA,TO,9,25645.96,370046.53348089714,6.93
3170800,VÁRZEA DA PALMA,MG,4,25584.5,243648.54891498314,10.5
2932903,VALENÇA,BA,4,25533.3,118539.0763137996,21.54
2103554,CONCEIÇÃO DO LAGO-AÇU,MA,7,25460.09,72941.24558210146,34.9
1713205,MIRACEMA DO TOCANTINS,TO,14,25447.28,273865.11761341675,9.29
5108907,NOVA MARINGÁ,MT,12,25386.85,1213058.4996534411,2.09
2401453,BARAÚNA,RN,26,25376.609999999997,83118.34455964316,30.53
1710904,ITAPIRATINS,TO,4,25356.43,127127.47832918738,19.95
3133006,ITAMONTE,MG,3,25306.57,50324.97081285397,50.29
4215703,SANTO AMARO DA IMPERATRIZ,SC,2,25234.08,43828.91785498875,57.57
2105351,ITAIPAVA DO GRAJAÚ,MA,8,25081.04,125305.96259291952,20.02
2926400,RIACHO DE SANTANA,BA,8,25063.33,336590.8991741508,7.45
5200829,AMARALINA,GO,7,25036.63,142306.34041287907,17.59
1712405,LIZARDA,TO,2,24952.37,586954.0523585441,4.25
5212709,MAMBAÍ,GO,12,24859.18,91353.2740925359,27.21
1703826,CACHOEIRINHA,TO,6,24815.16,35507.836954848244,69.89
1504604,MOCAJUBA,PA,9,24636.51,87186.58917874939,28.26
4312708,NONOAI,RS,2,24558.05,59308.00370242353,41.41
4303608,CAMBARÁ DO SUL,RS,5,24552.51,154237.22108193202,15.92
3200607,ARACRUZ,ES,12,24499.699999999997,160052.764601679,15.31
2104602,GOVERNADOR EUGÊNIO BARROS,MA,3,24473.96,65189.05329541657,37.54
1502905,CURUÇÁ,PA,3,24412.559999999998,67561.7024484904,36.13
2404309,GOVERNADOR DIX-SEPT ROSADO,RN,17,24387.35,111780.0180781927,21.82
2101731,BELÁGUA,MA,4,24358.92,57057.96497112251,42.69
2202539,CARAÚBAS DO PIAUÍ,PI,3,24358.89,47245.8519043107,51.56
3143450,MONTEZUMA,MG,2,24355.66,121174.18666966671,20.1
2414605,UPANEMA,RN,16,24335.86,88045.70202528869,27.64
3107208,BOCAINA DE MINAS,MG,2,24316.25,58652.68747781601,41.46
1720499,SÃO VALÉRIO,TO,13,24308.4,262665.7683805773,9.25
2909406,COTEGIPE,BA,9,24303.760000000002,446021.5861810301,5.45
2108454,PERITORÓ,MA,15,24218.82,82861.03587579442,29.23
1718659,RIO DA CONCEIÇÃO,TO,1,24182.31,87853.21938581715,27.53
2105963,LAGOA GRANDE DO MARANHÃO,MA,3,24162.809999999998,74878.70277094623,32.27
2101905,BEQUIMÃO,MA,8,24161.760000000002,79068.01603619584,30.56
4117305,ORTIGUEIRA,PR,26,23978.149999999998,291048.5281136869,8.24
1502772,CURIONÓPOLIS,PA,18,23958.07,239421.354144972,10.01
5106109,NOSSA SENHORA DO LIVRAMENTO,MT,8,23953.8,583624.2738066738,4.1
2202000,BURITI DOS LOPES,PI,10,23921.85,69190.62923158113,34.57
3511003,CASTILHO,SP,13,23873.43,121811.59534678819,19.6
3502705,APIAÍ,SP,4,23811.78,117244.6290861047,20.31
2613909,SERRA TALHADA,PE,22,23766.3,303535.5738689737,7.83
2103257,CIDELÂNDIA,MA,15,23709.98,147242.13972416136,16.1
2400208,AÇU,RN,13,23650.57,131398.68368429499,18.0
2207934,PEDRO LAURENTINO,PI,4,23643.37,88694.03233547314,26.66
1715754,PALMEIRÓPOLIS,TO,7,23624.29,179757.5751735925,13.14
4322509,VACARIA,RS,1,23581.95,273663.61589582346,8.62
2931202,TAPEROÁ,BA,3,23559.41,47978.93206683074,49.1
3537602,PERUÍBE,SP,10,23536.0,39167.49694755013,60.09
5222302,VILA PROPÍCIO,GO,7,23501.86,234027.9534205843,10.04
4219358,VITOR MEIRELES,SC,8,23467.3,46395.1059426676,50.58
2102309,BURITI BRAVO,MA,10,23465.67,159593.59339691512,14.7
2307635,MADALENA,CE,8,23435.11,100413.19079539119,23.34
5007208,RIO BRILHANTE,MS,15,23370.01,460433.6446874201,5.08
2109270,PRESIDENTE SARNEY,MA,13,23260.440000000002,72676.77667725057,32.01
2911808,GUARATINGA,BA,3,23236.190000000002,237865.3956515205,9.77
5005608,MIRANDA,MS,9,23185.22,619299.1760044689,3.74
1700251,ABREULÂNDIA,TO,15,23170.44,195672.5180908069,11.84
4207502,INDAIAL,SC,1,23158.8,54118.97283635363,42.79
2111409,SÃO LUÍS GONZAGA DO MARANHÃO,MA,12,23116.940000000002,91335.1247933599,25.31
2202653,CAXINGÓ,PI,3,23114.98,49221.020710469194,46.96
1501303,BARCARENA,PA,13,23074.13,130964.75900609004,17.62
3541604,PROMISSÃO,SP,2,22969.07,89851.34200385901,25.56
2203800,FLORES DO PIAUÍ,PI,8,22947.45,96263.12725838563,23.84
5002100,BELA VISTA,MS,9,22941.190000000002,574807.3738266828,3.99
2605301,EXU,PE,2,22783.8,135825.82035296678,16.77
3152204,PORTEIRINHA,MG,9,22735.760000000002,188503.72967670456,12.06
3117504,CONCEIÇÃO DO MATO DENTRO,MG,8,22705.86,191885.2687106557,11.83
2933307,VITÓRIA DA CONQUISTA,BA,15,22675.7,348281.88072982023,6.51
3132305,ITAIPÉ,MG,3,22652.19,52715.079707276025,42.97
1502756,CONCÓRDIA DO PARÁ,PA,11,22612.19,70051.90171488826,32.28
4125506,SÃO JOSÉ DOS PINHAIS,PR,6,22446.57,116161.02151902924,19.32
5006275,PARAÍSO DAS ÁGUAS,MS,3,22434.34,566624.7510288066,3.96
2303709,CAUCAIA,CE,16,22379.44,122703.10292566207,18.24
4202503,BOM JARDIM DA SERRA,SC,2,22378.0,120871.55992770554,18.51
1100155,OURO PRETO DO OESTE,RO,9,22361.09,203608.91739476845,10.98
3305802,TERESÓPOLIS,RJ,8,22335.07,90163.84534791937,24.77
3304201,RESENDE,RJ,10,22301.49,128404.23587553667,17.37
2305605,INDEPENDÊNCIA,CE,14,22299.52,326274.79321819794,6.83
5209408,GUARANI DE GOIÁS,GO,7,22258.6,129365.37533630857,17.21
3170206,UBERLÂNDIA,MG,16,22207.54,459585.13032665494,4.83
2107209,NINA RODRIGUES,MA,7,22191.9,57228.75365462271,38.78
2931905,TUCANO,BA,9,22172.21,227853.23877214437,9.73
2111748,SENADOR ALEXANDRE COSTA,MA,2,22159.030000000002,42951.91542050723,51.59
3520426,ILHA COMPRIDA,SP,4,22104.84,23819.246025764187,92.8
3104908,BAEPENDI,MG,2,22001.04,87140.50033196124,25.25
2110401,SÃO BENEDITO DO RIO PRETO,MA,16,21954.62,93357.8141018618,23.52
2302701,CAMPOS SALES,CE,3,21916.59,109717.16610943845,19.98
2110203,SANTA RITA,MA,30,21877.03,75816.899519043,28.86
3553500,TAPIRAÍ,SP,4,21798.75,90281.00170529414,24.15
5214838,NOVA CRIXÁS,GO,7,21790.309999999998,775990.2053360703,2.81
4125357,SÃO JORGE DO PATROCÍNIO,PR,2,21750.41,48390.32002285012,44.95
2102507,CAJARI,MA,14,21721.56,66356.50525123299,32.73
5104203,GUIRATINGA,MT,13,21716.12,547110.6032099959,3.97
2204303,FRONTEIRAS,PI,1,21685.76,78812.34234384708,27.52
4318002,SÃO BORJA,RS,4,21624.88,469201.8403343373,4.61
2920809,MARCIONÍLIO SOUZA,BA,5,21527.67,115739.30513069926,18.6
2312908,SOBRAL,CE,21,21428.3,207508.83745355014,10.33
3509254,CAJATI,SP,5,21382.98,54996.246891438845,38.88
1721307,TUPIRATINS,TO,4,21347.24,90708.77225295999,23.53
2514107,SÃO JOÃO DO TIGRE,PB,3,21335.95,82792.49115022874,25.77
4119905,PONTA GROSSA,PR,3,21271.120000000003,249939.08929020024,8.51
2305654,IPAPORANGA,CE,3,21261.63,70907.33181108261,29.99
2510402,OLHO D'ÁGUA,PB,4,21211.96,58917.879674462965,36.0
5103205,COLÍDER,MT,12,21170.33,321714.7296983917,6.58
1100031,CABIXI,RO,2,21162.379999999997,138765.7399767068,15.25
4211900,PALHOÇA,SC,6,21101.870000000003,50300.8780329143,41.95
4306320,DERRUBADAS,RS,1,21097.29,45529.85104146143,46.34
4205407,FLORIANÓPOLIS,SC,17,20984.98,85667.1427302887,24.5
2201507,BATALHA,PI,10,20971.18,159487.445507357,13.15
1508035,TRACUATEUA,PA,4,20924.03,86727.01365072005,24.13
3528502,MAIRIPORÃ,SP,4,20891.39,37941.90176855415,55.06
2109205,PRESIDENTE JUSCELINO,MA,16,20794.8,35616.49148763751,58.39
3302502,MAGÉ,RJ,10,20793.190000000002,45756.252285058545,45.44
4312500,MOSTARDAS,RS,2,20792.460000000003,267526.42712915776,7.77
3136405,JOAQUIM FELÍCIO,MG,3,20785.309999999998,86967.17716032368,23.9
3157203,SANTA BÁRBARA,MG,2,20757.75,77392.47984346718,26.82
2903706,BOA NOVA,BA,6,20732.53,90302.87930832886,22.96
3513603,CUNHA,SP,2,20698.86,165840.35836090168,12.48
3509700,CAMPOS DO JORDÃO,SP,5,20631.61,33997.99404203358,60.68
3111101,CAMPINA VERDE,MG,14,20590.16,409949.09135195136,5.02
2208205,PIO IX,PI,3,20575.04,197321.7749602459,10.43
2903409,BELMONTE,BA,6,20537.809999999998,207367.7867496076,9.9
1707207,DOIS IRMÃOS DO TOCANTINS,TO,13,20531.79,384221.7459179987,5.34
5108006,TAPURAH,MT,7,20488.39,470866.2241667941,4.35
1717206,PIRAQUÊ,TO,7,20461.829999999998,138065.42334748167,14.82
1714203,NATIVIDADE,TO,3,20443.14,337811.92845092685,6.05
2306405,ITAPIPOCA,CE,16,20408.03,159987.51434956572,12.76
2201988,BREJO DO PIAUÍ,PI,6,20383.129999999997,231345.12036021455,8.81
2923506,PALMEIRAS,BA,2,20362.739999999998,77319.35838502886,26.34
2913507,IGUAÍ,BA,6,20304.14,91735.80408388436,22.13
2210706,SIMÕES,PI,1,20272.49,109412.62951781199,18.53
3152402,POTÉ,MG,1,20235.22,68839.97796972924,29.39
4127965,TURVO,PR,2,20207.62,114087.31470714891,17.71
2929909,SEABRA,BA,5,20178.56,251482.07598945228,8.02
2933455,WANDERLEY,BA,3,20080.26,304374.00269687455,6.6
3170909,VARZELÂNDIA,MG,6,20076.440000000002,87739.43284873349,22.88
1702000,ARAGUAÇU,TO,21,19956.64,541470.5236275764,3.69
2405801,JOÃO CÂMARA,RN,14,19866.809999999998,72062.5338906304,27.57
4209151,JOSÉ BOITEUX,SC,5,19860.21,50825.76984921326,39.08
2108801,PIRAPEMAS,MA,10,19834.91,69091.43629606342,28.71
2913457,IGRAPIÚNA,BA,11,19812.510000000002,62636.971897490264,31.63
2928901,SÃO DESIDÉRIO,BA,8,19776.13,1591724.3031975206,1.24
2301109,ARACATI,CE,12,19759.03,123387.99745959073,16.01
5202155,ARAGUAPAZ,GO,11,19749.260000000002,234437.15676918396,8.42
5001904,BATAGUASSU,MS,8,19719.03,276952.8615054312,7.12
1706100,CRISTALÂNDIA,TO,11,19709.0,191327.5926595115,10.3
1709302,GUARAÍ,TO,9,19691.88,215349.9263185439,9.14
3549607,SÃO JOSÉ DO BARREIRO,SP,2,19672.0,66954.35611834686,29.38
3170529,URUCUIA,MG,6,19671.32,224450.70565897637,8.76
5105200,JUSCIMEIRA,MT,9,19587.25,247999.4694902188,7.9
5008008,TERENOS,MS,6,19530.989999999998,323468.3361215303,6.04
2307106,JARDIM,CE,2,19423.76,55394.00213803812,35.06
2202091,CALDEIRÃO GRANDE DO PIAUÍ,PI,1,19421.05,47413.93989093174,40.96
4117057,NOVA LARANJEIRAS,PR,8,19408.879999999997,147414.29949702966,13.17
5107925,SORRISO,MT,16,19376.24,886887.7133292289,2.18
3121803,DIONÍSIO,MG,1,19372.92,38278.210753222695,50.61
1600212,CUTIAS,AP,5,19351.730000000003,217718.81548105893,8.89
3301702,DUQUE DE CAXIAS,RJ,15,19250.84,54734.61203223975,35.17
3124302,ESPINOSA,MG,3,19230.809999999998,199723.78058732624,9.63
5006259,NOVO HORIZONTE DO SUL,MS,6,19182.68,99418.62681167648,19.29
4102901,BITURUNA,PR,7,19147.29,158036.3924751535,12.12
1504406,MARAPANIM,PA,3,19135.07,80382.79196232944,23.8
2924009,PAULO AFONSO,BA,8,19118.309999999998,158579.41622429722,12.06
3146107,OURO PRETO,MG,10,19063.12,141515.2150533254,13.47
2101202,BACABAL,MA,24,19021.96,166347.63556796184,11.44
2100832,APICUM-AÇU,MA,4,18988.42,34095.07212754161,55.69
5108105,TESOURO,MT,23,18948.1,458093.9414086633,4.14
4318309,SÃO GABRIEL,RS,8,18917.54,676018.2809541175,2.8
2101400,BALSAS,MA,3,18892.36,1339989.9507485137,1.41
5202502,ARUANÃ,GO,3,18863.05,326293.098636447,5.78
4127007,TEIXEIRA SOARES,PR,8,18845.03,110208.75845730607,17.1
5000708,ANASTÁCIO,MS,5,18842.620000000003,332216.8487390467,5.67
1507474,SÃO JOÃO DE PIRABAS,PA,4,18682.070000000003,66737.49851420951,27.99
4104006,CAMPINA GRANDE DO SUL,PR,7,18661.8,65691.25470950399,28.41
5108352,VALE DE SÃO DOMINGOS,MT,5,18581.739999999998,203469.37541676132,9.13
2600500,ÁGUAS BELAS,PE,15,18563.989999999998,90740.4549266399,20.46
2202251,CANAVIEIRA,PI,4,18557.64,220031.13125610142,8.43
1506112,QUATIPURU,PA,3,18554.38,30228.774356258516,61.38
5007703,SETE QUEDAS,MS,6,18366.37,100128.25545573368,18.34
2512903,RIO TINTO,PB,9,18285.06,47123.45859536144,38.8
2210656,SIGEFREDO PACHECO,PI,10,18201.94,103761.82266481018,17.54
3143302,MONTES CLAROS,MG,5,18201.09,390290.6311176521,4.66
5205471,CHAPADÃO DO CÉU,GO,2,18179.98,242305.56646029282,7.5
5106372,PEDRA PRETA,MT,15,18056.48,418425.9762620405,4.32
4100509,ALTÔNIA,PR,4,18009.059999999998,78967.77013099175,22.81
3154309,RESPLENDOR,MG,7,17930.15,121081.59947314141,14.81
2306553,ITAREMA,CE,12,17929.41,71598.17596902784,25.04
2106326,MARACAÇUMÉ,MA,13,17844.16,63575.337399947915,28.07
4211702,ORLEANS,SC,1,17840.71,70708.79574889214,25.23
2915502,ITAJUÍPE,BA,8,17808.86,28883.783727564572,61.66
2400307,AFONSO BEZERRA,RN,5,17804.0,58072.72775177607,30.66
1100254,PRESIDENTE MÉDICI,RO,10,17785.32,182432.94269244725,9.75
2105609,JOSELÂNDIA,MA,2,17772.1,70761.74562047853,25.12
1720978,TALISMÃ,TO,7,17771.61,226119.5810245481,7.86
5006002,NOVA ALVORADA DO SUL,MS,8,17727.58,464229.1860430523,3.82
1101484,SÃO FELIPE D'OESTE,RO,2,17698.47,56487.95264243504,31.33
1501758,BREJO GRANDE DO ARAGUAIA,PA,12,17668.89,129979.39363160469,13.59
2206704,NAZARÉ DO PIAUÍ,PI,7,17644.120000000003,133425.29778935298,13.22
2306702,JAGUARETAMA,CE,7,17636.21,184138.0963897784,9.58
3523305,ITARIRI,SP,5,17624.39,32864.94074900439,53.63
2927705,SANTA CRUZ CABRÁLIA,BA,13,17624.239999999998,158416.7098714858,11.13
2112902,VITÓRIA DO MEARIM,MA,16,17582.15,71752.40991277271,24.5
5108303,UNIÃO DO SUL,MT,6,17518.27,477456.52988365147,3.67
2914307,IRAMAIA,BA,5,17465.2,180325.53682058107,9.69
2312007,SANTANA DO ACARAÚ,CE,14,17446.86,97490.7090768917,17.9
4212270,PASSOS MAIA,SC,18,17436.37,77129.41520222682,22.61
2906303,CANAVIEIRAS,BA,5,17429.52,143657.90543127822,12.13
2102358,BURITIRANA,MA,13,17382.75,82787.4283924157,21.0
2602001,BODOCÓ,PE,1,17333.6,164891.56270128296,10.51
1100064,COLORADO DO OESTE,RO,2,17290.37,152797.78036525307,11.32
2410256,PORTO DO MANGUE,RN,12,17275.75,36364.00137617289,47.51
4127403,TERRA ROXA,PR,2,17219.019999999997,96043.92032041171,17.93
5100250,ALTA FLORESTA,MT,5,17191.57,922429.6974816927,1.86
4114401,MANGUEIRINHA,PR,10,17125.940000000002,130402.21068613436,13.13
2602803,BUÍQUE,PE,7,17124.47,136562.2966853874,12.54
2108702,PIO XII,MA,9,17120.5,54701.33834292941,31.3
2703809,JOAQUIM GOMES,AL,23,17068.58,30812.36236506313,55.4
4317608,SANTO ANTÔNIO DA PATRULHA,RS,5,16933.12,139184.24100189866,12.17
2105153,IGARAPÉ DO MEIO,MA,16,16899.54,36974.36770500482,45.71
5218300,POSSE,GO,4,16848.58,220700.0963879496,7.63
3301850,GUAPIMIRIM,RJ,10,16829.71,41952.78669660776,40.12
2205599,LAGOA DO SÍTIO,PI,8,16811.4,81437.98932431977,20.64
1701101,APARECIDA DO RIO NEGRO,TO,7,16791.84,119330.55045291263,14.07
3166956,SERRANÓPOLIS DE MINAS,MG,2,16784.11,59546.78777530935,28.19
2100436,ALTO ALEGRE DO MARANHÃO,MA,9,16777.489999999998,39439.07079670268,42.54
2105500,JOÃO LISBOA,MA,16,16739.469999999998,114314.46245535233,14.64
4307104,HERVAL,RS,9,16729.9,244037.60615214257,6.86
4213807,PRAIA GRANDE,SC,6,16687.38,37200.31521858145,44.86
1711506,JAÚ DO TOCANTINS,TO,5,16664.73,227465.5201715406,7.33
1505494,PALESTINA DO PARÁ,PA,10,16634.33,99372.4732648181,16.74
2407203,MACAU,RN,5,16628.23,78071.35484351715,21.3
2914000,IPIRÁ,BA,5,16602.85,324582.5658633111,5.12
2504207,CATINGUEIRA,PB,5,16599.74,53499.749350870945,31.03
3548708,SÃO BERNARDO DO CAMPO,SP,5,16592.21,48817.09173890104,33.99
2108058,PAULINO NEVES,MA,1,16508.83,98071.51843725303,16.83
5007950,TACURU,MS,13,16473.12,212150.50236161778,7.76
2300754,AMONTADA,CE,15,16453.36,117736.44002882471,13.97
4109658,HONÓRIO SERPA,PR,12,16406.16,62179.44041502408,26.39
2607505,ITAÍBA,PE,12,16394.63,105845.34142787718,15.49
1718550,RIACHINHO,TO,6,16387.11,51805.16961430811,31.63
4318200,SÃO FRANCISCO DE PAULA,RS,7,16353.35,434216.1858273122,3.77
1722107,XAMBIOÁ,TO,13,16329.39,120460.40040095153,13.56
4218905,URUBICI,SC,1,16289.9,130755.40885341425,12.46
2601805,BETÂNIA,PE,7,16287.720000000001,128092.24240596048,12.72
3153400,PRESIDENTE OLEGÁRIO,MG,6,16283.330000000002,387715.163506577,4.2
2401008,APODI,RN,18,16278.460000000001,158237.11844041577,10.29
2210052,SÃO JOSÉ DO DIVINO,PI,5,16264.71,32034.426333497006,50.77
2414407,TOUROS,RN,17,16181.130000000001,75943.87087167954,21.31
3121100,DELFIM MOREIRA,MG,2,16135.029999999999,47755.736954443506,33.79
2111508,SÃO MATEUS DO MARANHÃO,MA,13,16106.550000000001,80294.27910531349,20.06
4302303,BOM JESUS,RS,1,16000.11,339307.9328462357,4.72
5003256,COSTA RICA,MS,4,15959.53,461742.1360211114,3.46
4105409,CHOPINZINHO,PR,4,15959.279999999999,118137.00894668546,13.51
5203401,BOM JARDIM DE GOIÁS,GO,11,15868.6,205743.1605880216,7.71
1716307,PAU D'ARCO,TO,7,15839.6,139782.93303342687,11.33
2106805,MIRINZAL,MA,7,15833.890000000001,68699.52300317406,23.05
4314605,PIRATINI,RS,12,15814.699999999999,484606.18068325135,3.26
4112504,JARDIM ALEGRE,PR,1,15787.08,49576.509666208316,31.84
4304358,CANDIOTA,RS,14,15771.35,128182.59827359044,12.3
2801207,CANINDÉ DE SÃO FRANCISCO,SE,15,15740.470000000001,111009.71999797353,14.18
3103405,ARAÇUAÍ,MG,1,15700.22,243917.86464932442,6.44
2209005,RIO GRANDE DO PIAUÍ,PI,4,15692.82,64693.41238996471,24.26
3137536,LAGOA GRANDE,MG,7,15659.29,136073.86019730548,11.51
3532306,NATIVIDADE DA SERRA,SP,2,15614.949999999999,98741.70201992524,15.81
1713809,PALMEIRAS DO TOCANTINS,TO,8,15614.61,75238.71769797208,20.75
2111763,SENADOR LA ROCQUE,MA,8,15596.15,74269.22377303094,21.0
2102705,CANTANHEDE,MA,11,15565.23,77515.11189895455,20.08
2601706,BELO JARDIM,PE,6,15436.02,66019.6935578339,23.38
1718865,SANTA FÉ DO ARAGUAIA,TO,6,15429.189999999999,169489.55172624355,9.1
2203750,FARTURA DO PIAUÍ,PI,1,15418.3,73189.25791284547,21.07
3518404,GUARATINGUETÁ,SP,2,15355.34,88358.8855738255,17.38
2306108,IRAUÇUBA,CE,10,15332.039999999999,147129.35358979332,10.42
4108304,FOZ DO IGUAÇU,PR,1,15287.71,74556.4456363594,20.5
2303931,CHORÓ,CE,10,15271.42,81992.0201989723,18.63
3532405,NAZARÉ PAULISTA,SP,5,15234.47,38526.991233455265,39.54
4215802,SÃO BENTO DO SUL,SC,1,15162.74,61430.688789080974,24.68
2200400,ALTOS,PI,19,15129.199999999999,96338.50271653844,15.7
1507102,SÃO CAETANO DE ODIVELAS,PA,3,15088.94,46371.161399895114,32.54
4107546,ESPIGÃO ALTO DO IGUAÇU,PR,5,14950.800000000001,39875.99783359573,37.49
2103406,COELHO NETO,MA,5,14949.01,98080.79380936378,15.24
3524600,JACUPIRANGA,SP,3,14885.81,85212.76711367206,17.47
1711803,JUARINA,TO,3,14874.550000000001,49268.22437635713,30.19
2203602,ELISEU MARTINS,PI,3,14848.59,111788.63596512907,13.28
5003488,DOIS IRMÃOS DO BURITI,MS,7,14838.24,276807.3414035324,5.36
3170602,VARGEM BONITA,MG,1,14826.86,46582.326296735504,31.83
4218301,TRÊS BARRAS,SC,3,14747.8,54054.25629818889,27.28
4125704,SÃO MIGUEL DO IGUAÇU,PR,4,14734.119999999999,104123.8296779355,14.15
5218805,RIO VERDE,GO,9,14726.52,921458.6322199927,1.6
2205607,LANDRI SALES,PI,2,14680.82,110497.7191951493,13.29
3546801,SANTA ISABEL,SP,3,14662.32,42967.851982104454,34.12
3204005,PANCAS,ES,5,14655.65,93703.2118788323,15.64
2105302,IMPERATRIZ,MA,15,14637.949999999999,137925.35984645004,10.61
5211909,JATAÍ,GO,6,14637.47,791413.4016968575,1.85
2200459,ALVORADA DO GURGUÉIA,PI,7,14606.64,217570.89593525228,6.71
4309654,HULHA NEGRA,RS,13,14569.65,112684.01293057062,12.93
2205102,ITAUEIRA,PI,8,14546.68,259510.0830076301,5.61
2600401,ÁGUA PRETA,PE,19,14505.03,54373.513348683206,26.68
3164209,SÃO ROMÃO,MG,3,14502.45,263995.6886398186,5.49
4216206,SÃO FRANCISCO DO SUL,SC,3,14477.800000000001,61180.6822756504,23.66
3132503,ITAMARANDIBA,MG,2,14466.8,301394.5981661552,4.8
3171030,VERDELÂNDIA,MG,10,14411.519999999999,168917.34748482076,8.53
2300705,ALTO SANTO,CE,10,14385.25,115642.72267677195,12.44
4203600,CAMPOS NOVOS,SC,7,14382.880000000001,217386.63251577405,6.62
2310704,PENTECOSTE,CE,6,14379.769999999999,138438.2672797245,10.39
3304151,QUISSAMÃ,RJ,3,14364.69,83655.16627647298,17.17
2609808,OROCÓ,PE,15,14357.210000000001,56631.35452567877,25.35
2917300,ITUBERÁ,BA,9,14339.630000000001,43960.13287945204,32.62
4124707,SÃO JERÔNIMO DA SERRA,PR,13,14339.41,98050.58308573479,14.62
3302403,MACAÉ,RJ,14,14329.85,141852.349926977,10.1
1100502,NOVO HORIZONTE DO OESTE,RO,4,14323.74,87819.63801711054,16.31
3304409,RIO CLARO,RJ,6,14314.369999999999,99394.13933990619,14.4
3135100,JANAÚBA,MG,5,14281.83,235198.67469224505,6.07
2402501,CARNAUBAIS,RN,12,14244.48,52147.36050361853,27.32
1707652,FIGUEIRÓPOLIS,TO,17,14166.710000000001,202411.3517269537,7.0
5106190,NOVA SANTA HELENA,MT,2,14129.88,247082.9482944326,5.72
2211209,URUÇUÍ,PI,2,14106.03,855906.9926667945,1.65
2106359,MARAJÁ DO SENA,MA,8,14101.119999999999,141032.1272155878,10.0
5007554,SANTA RITA DO PARDO,MS,3,14092.89,706282.4097223432,2.0
2610400,PARNAMIRIM,PE,21,14038.21,265963.0189027384,5.28
5108808,NOVA GUARITA,MT,8,14008.51,115728.94090188872,12.1
2303006,CARIDADE,CE,5,13870.73,93012.24258000328,14.91
2100154,ÁGUA DOCE DO MARANHÃO,MA,6,13835.66,44292.37418522784,31.24
2202604,CASTELO DO PIAUÍ,PI,9,13763.609999999999,239649.5632241903,5.74
3548500,SANTOS,SP,2,13746.769999999999,33528.50420567731,41.0
2111805,SÍTIO NOVO,MA,7,13743.99,314779.8474211957,4.37
2922904,NOVA SOURE,BA,3,13670.51,100420.37633201628,13.61
3549904,SÃO JOSÉ DOS CAMPOS,SP,9,13636.91,129634.40161338518,10.52
2205300,JERUMENHA,PI,2,13634.39,189255.2676805092,7.2
1705102,CHAPADA DA NATIVIDADE,TO,6,13577.44,170673.32508043695,7.96
3513405,CRUZEIRO,SP,4,13570.9,35762.923770709676,37.95
2900405,ÁGUA FRIA,BA,2,13564.67,77416.84921071543,17.52
5005152,JUTI,MS,7,13548.16,184173.2107376465,7.36
3125507,SÃO GONÇALO DO RIO PRETO,MG,2,13514.060000000001,34731.40124448697,38.91
2410405,PUREZA,RN,7,13484.0,50816.69513789798,26.53
2902500,BAIANÓPOLIS,BA,1,13449.0,348396.8140613735,3.86
1720309,SÃO SEBASTIÃO DO TOCANTINS,TO,7,13393.01,29166.321466648384,45.92
2925253,PONTO NOVO,BA,2,13371.96,54922.297023020576,24.35
2306801,JAGUARIBARA,CE,5,13335.820000000002,62817.629353779805,21.23
5204508,CALDAS NOVAS,GO,1,13333.07,176931.11852775572,7.54
2922854,NOVA REDENÇÃO,BA,5,13294.18,59362.38066495508,22.39
2211100,UNIÃO,PI,11,13243.51,117684.2053490488,11.25
2209203,SANTA FILOMENA,PI,3,13234.330000000002,541891.5489629211,2.44
3170479,URUANA DE MINAS,MG,10,13219.99,64689.58028930883,20.44
2108306,PENALVA,MA,14,13179.09,80251.23885399698,16.42
3502101,ANDRADINA,SP,6,13172.1,110161.730968518,11.96
4201257,APIÚNA,SC,2,13168.359999999999,62137.137588190235,21.19
2902658,BANZAÊ,BA,2,13150.41,42328.6397252775,31.07
5201702,ARAGARÇAS,GO,3,13137.12,71460.37183211313,18.38
2313203,TAMBORIL,CE,13,13111.83,202415.0076879312,6.48
4311155,JÓIA,RS,8,13089.05,160760.81943026956,8.14
5104807,JACIARA,MT,12,13057.82,262432.847341963,4.98
3162401,SÃO JOÃO DA PONTE,MG,2,13044.34,199805.42978153823,6.53
4104907,CASTRO,PR,10,13023.480000000001,306465.5520471589,4.25
2112100,TIMBIRAS,MA,7,12972.57,149256.34861333622,8.69
4302709,BUTIÁ,RS,1,12950.85,100373.36929040292,12.9
2111052,SÃO JOÃO DO PARAÍSO,MA,6,12940.41,207598.88589661208,6.23
4306908,ENCRUZILHADA DO SUL,RS,8,12928.35,450832.62477753795,2.87
3535606,PARAIBUNA,SP,2,12927.7,96013.77348800753,13.46
1709807,IPUEIRAS,TO,4,12897.09,85172.18454730384,15.14
3526209,JUQUITIBA,SP,3,12872.88,62379.802290064596,20.64
4126678,TAMARANA,PR,10,12807.28,56289.77924257463,22.75
5002308,BRASILÂNDIA,MS,3,12764.89,665180.8255860222,1.92
4310652,ITATI,RS,4,12755.52,26973.302661789072,47.29
4120606,PRUDENTÓPOLIS,PR,5,12739.810000000001,273345.05853875924,4.66
3302254,ITATIAIA,RJ,6,12737.92,28153.61248679783,45.24
1101807,VALE DO PARAÍSO,RO,7,12716.71,99667.4795242752,12.76
2933158,VÁRZEA NOVA,BA,3,12705.41,127143.98178778737,9.99
4207684,IPUAÇU,SC,2,12657.75,32622.672294264998,38.8
4106803,CRUZ MACHADO,PR,1,12640.79,182307.36645145464,6.93
3545001,SALESÓPOLIS,SP,2,12636.35,50481.15402398456,25.03
4309050,GLORINHA,RS,2,12625.09,42971.867620438075,29.38
2104099,FORMOSA DA SERRA NEGRA,MA,3,12615.59,373394.93501233414,3.38
4106456,CORONEL DOMINGOS SOARES,PR,7,12544.369999999999,187493.5566932031,6.69
5005251,LAGUNA CARAPÃ,MS,7,12487.72,202264.47092897538,6.17
4321832,TRÊS FORQUILHAS,RS,1,12462.61,28575.738125121658,43.61
3518800,GUARULHOS,SP,8,12455.97,37750.933198305305,33.0
2908002,COARACI,BA,5,12404.529999999999,29273.100613241993,42.38
1703891,CARRASCO BONITO,TO,6,12400.57,19177.255252897205,64.66
5205513,COCALZINHO DE GOIÁS,GO,6,12377.07,192230.57509513688,6.44
1718303,PRAIA NORTE,TO,15,12376.7,30337.821525273495,40.8
2111532,SÃO PEDRO DA ÁGUA BRANCA,MA,6,12369.74,72539.99200747273,17.05
5008305,TRÊS LAGOAS,MS,7,12351.449999999999,1161305.4820481087,1.06
5108501,VERA,MT,2,12346.7,311840.02960054396,3.96
1718808,SAMPAIO,TO,7,12331.4,22408.420408840604,55.03
3202553,IBITIRAMA,ES,2,12316.34,37629.37480030952,32.73
2411601,SÃO BENTO DO NORTE,RN,7,12303.560000000001,29073.181566465326,42.32
4202404,BLUMENAU,SC,1,12275.44,65028.28392371405,18.88
2910602,ESPLANADA,BA,7,12267.82,135535.09782604824,9.05
1718709,RIO DOS BOIS,TO,6,12235.300000000001,86845.76016238851,14.09
3152808,PRATA,MG,10,12214.95,543348.637608656,2.25
2300408,AIUABA,CE,2,12173.0,246806.12711417675,4.93
1702554,AUGUSTINÓPOLIS,TO,17,12154.31,39191.42155927219,31.01
3107802,BOM JESUS DO GALHO,MG,2,12153.720000000001,66725.78089712787,18.21
3108552,BRASILÂNDIA DE MINAS,MG,5,12151.16,273815.29160449107,4.44
5206701,DAMIANÓPOLIS,GO,1,12124.48,44505.155913078765,27.24
2509057,MARCAÇÃO,PB,7,12102.5,12422.02240034571,97.43
4113205,LAPA,PR,5,12078.53,257552.08898418528,4.69
4311775,MAQUINÉ,RS,5,12057.98,80985.61345762272,14.89
4108650,GOIOXIM,PR,13,11972.44,85556.09773189445,13.99
2308203,MERUOCA,CE,1,11950.95,15205.61058852752,78.6
3302007,ITAGUAÍ,RJ,7,11922.880000000001,33197.65370996918,35.91
2920601,MARAGOGIPE,BA,6,11918.11,45957.4794663621,25.93
4117602,PALMAS,PR,13,11901.55,194037.55223693748,6.13
2908804,CONTENDAS DO SINCORÁ,BA,1,11886.63,103511.98956770076,11.48
2412559,SÃO MIGUEL DO GOSTOSO,RN,7,11867.25,43445.77966123001,27.32
3504107,ATIBAIA,SP,2,11798.82,56450.82889888251,20.9
2202109,CAMPINAS DO PIAUÍ,PI,2,11765.560000000001,79694.91102572603,14.76
2305407,ICÓ,CE,3,11735.59,188681.97042039057,6.22
1720259,SÃO SALVADOR DO TOCANTINS,TO,4,11732.39,149340.50815353,7.86
2210805,SIMPLÍCIO MENDES,PI,4,11730.779999999999,138371.05507750643,8.48
2201051,ASSUNÇÃO DO PIAUÍ,PI,2,11716.57,170647.953301148,6.87
4301305,ARROIO GRANDE,RS,5,11689.92,349160.4575366322,3.35
5200803,ALVORADA DO NORTE,GO,6,11683.02,135179.47129065203,8.64
2204352,GEMINIANO,PI,2,11651.36,44702.20803076352,26.06
2308609,MONSENHOR TABOSA,CE,8,11638.7,89800.35501016509,12.96
2211357,VÁRZEA BRANCA,PI,1,11592.62,46192.79137211602,25.1
3305554,SEROPÉDICA,RJ,9,11549.880000000001,31115.65367401179,37.12
2402600,CEARÁ-MIRIM,RN,18,11536.94,73086.42456204296,15.79
5000807,ANAURILÂNDIA,MS,4,11535.58,397093.0864238855,2.91
4315305,QUARAÍ,RS,1,11471.06,419820.70207556535,2.73
2210102,SÃO JOSÉ DO PEIXE,PI,2,11411.919999999998,130763.72933877191,8.73
3159803,SANTA VITÓRIA,MG,8,11395.47,334702.78551884234,3.4
2205508,JOSÉ DE FREITAS,PI,14,11376.45,154669.6525850402,7.36
2404705,IPANGUAÇU,RN,4,11351.16,37728.538081003506,30.09
5003504,DOURADINA,MS,1,11336.98,32534.325707182248,34.85
2904902,CACHOEIRA,BA,8,11313.82,41414.158393838596,27.32
5106232,NOVA OLÍMPIA,MT,5,11289.5,141764.1575826029,7.96
2906808,CANSANÇÃO,BA,5,11276.38,139839.483947375,8.06
1504109,MAGALHÃES BARATA,PA,3,11209.14,32365.582348461885,34.63
3110509,CAMANDUCAIA,MG,2,11190.5,62061.340221793245,18.03
2514404,SÃO JOSÉ DE ESPINHARAS,PB,7,11184.34,73617.2701265617,15.19
4303509,CAMAQUÃ,RS,5,11128.86,227504.51592295748,4.89
4215901,SÃO BONIFÁCIO,SC,1,11100.43,58983.30763592286,18.82
3300936,CARAPEBUS,RJ,11,11092.429999999998,35487.025047838266,31.26
5007802,SELVÍRIA,MS,3,11090.37,369202.23312718276,3.0
2806305,SANTA LUZIA DO ITANHY,SE,6,11078.369999999999,33789.46966971027,32.79
3143708,MORRO DO PILAR,MG,4,11061.17,53465.26164951814,20.69
3301306,CASIMIRO DE ABREU,RJ,8,11060.44,54101.430540639565,20.44
3112802,CAPITÓLIO,MG,1,11055.55,59440.803785205986,18.6
5106653,PONTAL DO ARAGUAIA,MT,22,11026.37,296088.800930921,3.72
1712009,LAJEADO,TO,4,10983.37,32742.844898483698,33.54
3152006,POMPÉU,MG,6,10982.0,285256.81214448507,3.85
2111003,SÃO JOÃO BATISTA,MA,2,10979.150000000001,65094.802175122975,16.87
2911303,GENTIO DO OURO,BA,3,10976.470000000001,396763.74753002403,2.77
5000906,ANTÔNIO JOÃO,MS,2,10969.599999999999,127580.56924507038,8.6
2604205,CATENDE,PE,6,10962.900000000001,21315.872285120713,51.43
3201308,CARIACICA,ES,5,10924.67,31731.479347406996,34.43
2106003,LIMA CAMPOS,MA,5,10914.0,32357.34896252445,33.73
2610004,PALMARES,PE,7,10892.27,34678.263361727695,31.41
5105259,LUCAS DO RIO VERDE,MT,10,10869.369999999999,386565.73721438553,2.81
2111789,SERRANO DO MARANHÃO,MA,4,10858.68,118513.13949548612,9.16
1716505,PEDRO AFONSO,TO,7,10834.16,206999.1189089012,5.23
4315404,REDENTORA,RS,2,10819.05,38547.87529579891,28.07
2704500,MARAGOGI,AL,19,10818.4,34176.803442412005,31.65
4121752,RESERVA DO IGUAÇU,PR,5,10802.49,102781.06430531845,10.51
2308377,MIRAÍMA,CE,11,10799.99,71054.0914582368,15.2
2805604,PORTO DA FOLHA,SE,10,10786.52,90359.3477876871,11.94
5107768,SANTA RITA DO TRIVELATO,MT,8,10765.41,501972.5811411078,2.14
2103901,DUQUE BACELAR,MA,1,10765.05,31873.1830842175,33.77
2105906,LAGO VERDE,MA,9,10703.369999999999,63375.37175292096,16.89
5208608,GOIANÉSIA,GO,4,10694.3,165996.58936314806,6.44
5106000,NORTELÂNDIA,MT,5,10692.86,142191.0288492882,7.52
4104204,CAMPO LARGO,PR,4,10668.56,151782.56198352974,7.03
2308708,MORADA NOVA,CE,13,10651.12,284112.42358776706,3.75
3167103,SERRO,MG,7,10639.32,135218.08997809788,7.87
2104909,GUIMARÃES,MA,6,10575.51,47894.570773203566,22.08
5108402,VÁRZEA GRANDE,MT,8,10546.26,101101.34034535027,10.43
2112209,TIMON,MA,4,10505.2,177550.36708643756,5.92
2111300,SÃO LUÍS,MA,6,10501.77,58358.26262798099,18.0
1503408,INHANGAPI,PA,4,10500.08,47233.64296472127,22.23
1501907,BUJARU,PA,16,10492.34,99426.29884444128,10.55
3142908,MONTE AZUL,MG,2,10489.310000000001,107348.47511007501,9.77
3302908,MIGUEL PEREIRA,RJ,6,10391.23,33662.768411739555,30.87
2102754,CAPINZAL DO NORTE,MA,7,10366.3,59348.77665824573,17.47
3527603,LUÍS ANTÔNIO,SP,2,10337.67,69012.71958875871,14.98
3156908,SACRAMENTO,MG,2,10306.0,346932.84264565154,2.97
1701051,ANGICO,TO,5,10297.56,45265.637900748974,22.75
3538006,PINDAMONHANGABA,SP,9,10263.250000000002,85968.93370103766,11.94
5207600,FAZENDA NOVA,GO,9,10257.369999999999,138400.59125288014,7.41
3165404,SAPUCAÍ-MIRIM,MG,3,10254.64,33463.64999801219,30.64
3134202,ITUIUTABA,MG,9,10253.62,290026.8806279134,3.54
2303501,CASCAVEL,CE,7,10206.39,84167.21470242656,12.13
5203575,BONÓPOLIS,GO,5,10170.44,172788.41430659743,5.89
5003702,DOURADOS,MS,9,10162.4,472560.3411531266,2.15
2101251,BACABEIRA,MA,3,10145.119999999999,54372.221235753284,18.66
2912202,IBICOARA,BA,5,10135.33,86225.54979236402,11.75
2933208,VERA CRUZ,BA,1,10106.68,31292.85678413879,32.3
4108809,GUAÍRA,PR,6,10071.23,67592.62636837189,14.9
2205516,JUAZEIRO DO PIAUÍ,PI,4,10069.52,94126.33363256289,10.7
3145059,NOVA PORTEIRINHA,MG,2,10068.57,13032.156206568765,77.26
2606903,IGUARACY,PE,10,10065.960000000001,85078.56163383997,11.83
5219456,SANTA RITA DO NOVO DESTINO,GO,7,10053.96,103722.14096120154,9.69
2101970,BOA VISTA DO GURUPI,MA,7,10046.15,40023.082806139115,25.1
2202752,COLÔNIA DO GURGUÉIA,PI,5,10035.79,43786.464418252704,22.92
2501401,BAÍA DA TRAIÇÃO,PB,3,10008.78,10402.333879447264,96.22
4113700,LONDRINA,PR,5,10005.31,196097.65302647772,5.1
2200053,ACAUÃ,PI,1,10005.12,130637.53615329636,7.66
2804904,PACATUBA,SE,17,9992.39,39401.618729382186,25.36
4113304,LARANJEIRAS DO SUL,PR,5,9968.51,82392.45146774035,12.1
2705507,MURICI,AL,11,9967.44,42862.46039274685,23.25
3204906,SÃO MATEUS,ES,6,9946.48,261141.3023404531,3.81
2101103,AXIXÁ,MA,3,9889.83,16066.085864839482,61.56
4314175,PEDRAS ALTAS,RS,6,9870.42,189796.04914441376,5.2
2915601,ITAMARAJU,BA,6,9867.19,257688.25938434326,3.83
2614105,SERTÂNIA,PE,14,9855.57,245637.35282387494,4.01
2902252,ARATACA,BA,4,9838.48,46755.34167827701,21.04
4207205,IMARUÍ,SC,2,9835.289999999999,69665.74050184058,14.12
3538600,PIRACAIA,SP,1,9829.46,45433.85727817562,21.63
2204907,ISAÍAS COELHO,PI,3,9813.44,81406.02090114268,12.05
1713957,MURICILÂNDIA,TO,10,9811.01,121081.07008735291,8.1
2803500,LAGARTO,SE,14,9809.92,100341.4110013621,9.78
5101001,ARAGUAIANA,MT,12,9808.37,683611.5167305515,1.43
5005202,LADÁRIO,MS,5,9785.76,39598.51568906652,24.71
2411403,SANTANA DO MATOS,RN,11,9778.68,143564.6982578412,6.81
2309102,MULUNGU,CE,5,9741.42,9838.677003711919,99.01
2109056,PORTO RICO DO MARANHÃO,MA,2,9722.32,24494.550155322777,39.69
2303907,CHAVAL,CE,2,9681.08,23763.78652649342,40.74
5215256,NOVO PLANALTO,GO,6,9667.52,132201.58618827895,7.31
3550001,SÃO LUIZ DO PARAITINGA,SP,2,9663.66,72950.97801133545,13.25
2921005,MATA DE SÃO JOÃO,BA,9,9662.619999999999,63386.75139713062,15.24
2205573,LAGOA DE SÃO FRANCISCO,PI,2,9660.1,15657.206829311186,61.7
4321402,TENENTE PORTELA,RS,1,9659.31,42684.16753446009,22.63
4322202,TUPANCIRETÃ,RS,12,9645.85,293853.6456295388,3.28
3305505,SAQUAREMA,RJ,3,9629.55,41390.75278295437,23.26
3302700,MARICÁ,RJ,8,9625.95,42523.82957371043,22.64
4213401,PONTE SERRADA,SC,3,9616.65,70276.26667803474,13.68
2102101,BREJO,MA,11,9615.42,107638.50167002616,8.93
3300704,CABO FRIO,RJ,11,9604.62,48480.902723132946,19.81
2311306,QUIXADÁ,CE,10,9580.75,203321.00808915793,4.71
2202083,CAJUEIRO DA PRAIA,PI,2,9524.019999999999,27157.13799133964,35.07
4119608,PITANGA,PR,4,9494.42,204654.6687572736,4.64
2302206,BEBERIBE,CE,9,9488.62,160421.10742051058,5.91
4200606,ÁGUAS MORNAS,SC,2,9478.109999999999,41584.83053926768,22.79
3548609,SÃO BENTO DO SAPUCAÍ,SP,5,9456.68,29604.21733082621,31.94
2206951,NOVO SANTO ANTÔNIO,PI,2,9432.48,44709.80190640024,21.1
2307007,JAGUARUANA,CE,6,9420.24,85945.5255393679,10.96
2203909,FLORIANO,PI,5,9409.58,345491.3583624744,2.72
2202075,CAJAZEIRAS DO PIAUÍ,PI,1,9402.94,52069.73118291761,18.06
5004502,ITAPORÃ,MS,4,9363.1,155828.2686740953,6.01
2106201,LUÍS DOMINGUES,MA,3,9344.07,46696.559496771646,20.01
2608057,JATOBÁ,PE,4,9330.47,28477.05652952581,32.76
2308401,MISSÃO VELHA,CE,2,9257.4,62257.86136891665,14.87
1703867,CARIRI DO TOCANTINS,TO,6,9241.99,117483.92424588108,7.87
2405108,JANDAÍRA,RN,7,9237.32,44608.27732399709,20.71
2200509,AMARANTE,PI,10,9211.18,116498.85452678744,7.91
5216403,PARAÚNA,GO,6,9195.220000000001,413523.93286206096,2.22
4307302,ERVAL SECO,RS,2,9151.769999999999,45289.28878419617,20.21
5007695,SÃO GABRIEL DO OESTE,MS,4,9132.05,430775.5516156463,2.12
1717008,PINDORAMA DO TOCANTINS,TO,3,9091.93,161892.0472328552,5.62
2932457,UMBURANAS,BA,3,9053.099999999999,183488.51009034866,4.93
2501609,BARRA DE SANTA ROSA,PB,8,9033.02,79124.52160487142,11.42
2311207,POTENGI,CE,1,9012.92,34809.13920080176,25.89
1712454,LUZINÓPOLIS,TO,4,9006.93,28450.813915349514,31.66
3525904,JUNDIAÍ,SP,4,8958.99,50922.778491913334,17.59
3304607,SANTA MARIA MADALENA,RJ,3,8956.25,94091.56512205646,9.52
2111722,SATUBINHA,MA,7,8937.09,44334.704355890215,20.16
5005681,MUNDO NOVO,MS,6,8927.52,57137.584597463785,15.62
1720200,SÃO MIGUEL DO TOCANTINS,TO,13,8918.37,41026.841259151544,21.74
3110905,CAMPANHA,MG,1,8897.78,38868.0770550534,22.89
3203007,IÚNA,ES,1,8889.88,52288.19780517428,17.0
4314704,PLANALTO,RS,2,8887.46,28886.557306184495,30.77
2706802,PIAÇABUÇU,AL,3,8872.16,25151.480721198477,35.27
2929057,SÃO FÉLIX DO CORIBE,BA,4,8857.17,185052.27496753435,4.79
4302055,BENJAMIN CONSTANT DO SUL,RS,3,8848.71,16772.717762547727,52.76
3301405,CONCEIÇÃO DE MACABU,RJ,10,8841.79,39338.63312954921,22.48
2900900,ALMADINA,BA,3,8833.220000000001,26168.79538888879,33.75
3303609,PARACAMBI,RJ,8,8829.12,22360.072249816647,39.49
3160207,SANTO ANTÔNIO DO ITAMBÉ,MG,3,8811.61,33924.02639310245,25.97
2302057,BARROQUINHA,CE,4,8797.06,38615.336723256085,22.78
2900801,ALCOBAÇA,BA,4,8795.58,162135.69019665333,5.42
2313906,URUOCA,CE,3,8787.13,69917.34263425542,12.57
2928000,SANTALUZ,BA,6,8773.39,168486.41246400328,5.21
3203205,LINHARES,ES,5,8770.279999999999,392139.04248673713,2.24
1501402,BELÉM,PA,14,8752.85,105868.0497919903,8.27
2503100,CABACEIRAS,PB,2,8746.09,47656.886674786874,18.35
2306207,ITAIÇABA,CE,5,8730.76,21478.313457884364,40.65
2302602,CAMOCIM,CE,8,8730.630000000001,112203.63669295888,7.78
2928604,SANTO AMARO,BA,9,8725.33,51826.369224134774,16.84
1101476,PRIMAVERA DE RONDÔNIA,RO,4,8722.17,63155.594846342814,13.81
1721257,TUPIRAMA,TO,4,8708.78,72337.92819056156,12.04
2309458,OCARA,CE,9,8680.98,76689.81051569385,11.32
4104402,CÂNDIDO DE ABREU,PR,7,8652.86,182371.43815072833,4.74
4128633,DOUTOR ULYSSES,PR,2,8619.34,93862.20915656934,9.18
4315602,RIO GRANDE,RS,2,8612.92,373664.67453149974,2.3
5005004,JARDIM,MS,4,8599.43,245817.4369209313,3.5
5213905,MOSSÂMEDES,GO,2,8592.85,74112.48987602384,11.59
3159001,SANTANA DO RIACHO,MG,4,8584.76,75776.10533823674,11.33
2910701,EUCLIDES DA CUNHA,BA,2,8569.34,209148.1126037063,4.1
4311759,MANOEL VIANA,RS,2,8546.73,179447.64888415247,4.76
4119509,PIRAQUARA,PR,6,8542.720000000001,27788.588418800886,30.74
2930766,SÍTIO DO QUINTO,BA,6,8540.78,67771.03483842949,12.6
2101350,BACURITUBA,MA,1,8461.28,41406.28522706617,20.43
4113908,MALLET,PR,2,8457.880000000001,93684.94594394306,9.03
2302404,BOA VIAGEM,CE,11,8450.39,285393.5619102867,2.96
2702801,FLEXEIRAS,AL,19,8425.31,34212.51475117476,24.63
4316907,SANTA MARIA,RS,5,8410.74,235662.18594008917,3.57
2709301,UNIÃO DOS PALMARES,AL,15,8403.44,43031.32836247898,19.53
3531100,MONGAGUÁ,SP,5,8388.64,17084.293837667665,49.1
4314506,PINHEIRO MACHADO,RS,7,8372.63,307825.37047007086,2.72
2601409,BARREIROS,PE,28,8370.210000000001,23872.55817696049,35.06
2112852,VILA NOVA DOS MARTÍRIOS,MA,5,8354.26,119788.84217837157,6.97
2307254,JIJOCA DE JERICOACOARA,CE,4,8353.460000000001,20929.993392850123,39.91
3551009,SÃO VICENTE,SP,4,8350.11,17699.630577621927,47.18
3536703,PEDERNEIRAS,SP,5,8336.470000000001,84802.28678764366,9.83
5220702,SÍTIO D'ABADIA,GO,5,8321.789999999999,172080.39865860494,4.84
4127908,TUNEIRAS DO OESTE,PR,1,8290.19,83391.58490069018,9.94
2310308,PARAMBU,CE,4,8280.18,233910.8537617476,3.54
2103125,CENTRAL DO MARANHÃO,MA,6,8273.48,31964.301471744227,25.88
2923357,OUROLÂNDIA,BA,4,8273.32,159940.42778618712,5.17
3506607,BIRITIBA MIRIM,SP,4,8268.08,37726.64599331163,21.92
3120003,CÓRREGO NOVO,MG,1,8262.93,23163.62065278337,35.67
4127858,TRÊS BARRAS DO PARANÁ,PR,3,8228.490000000002,61836.44492485626,13.31
5107297,SÃO JOSÉ DO POVO,MT,4,8213.87,53161.82750140341,15.45
2919553,LUÍS EDUARDO MAGALHÃES,BA,2,8170.67,421519.8458039829,1.94
2107605,PALMEIRÂNDIA,MA,6,8163.08,53268.41663834718,15.32
3157609,SANTA FÉ DE MINAS,MG,1,8154.78,317450.1557505387,2.57
3525508,JOANÓPOLIS,SP,1,8132.65,44035.11567973861,18.47
2606200,GOIANA,PE,5,8127.2,45272.37628628358,17.95
1504059,MÃE DO RIO,PA,6,8087.91,46933.64022081346,17.23
3550209,SÃO MIGUEL ARCANJO,SP,1,8084.81,111070.50969087443,7.28
4113254,LARANJAL,PR,5,8081.860000000001,67837.5462894296,11.91
5207535,FAINA,GO,8,8068.02,209480.07063159524,3.85
2408201,NÍSIA FLORESTA,RN,3,8058.96,31078.192512130518,25.93
3142700,MONTALVÂNIA,MG,6,8056.58,160133.8472971943,5.03
2708501,SÃO LUÍS DO QUITUNDE,AL,21,8055.78,40722.82110345738,19.78
4304507,CANGUÇU,RS,8,8051.51,480705.0714985273,1.67
2609907,OURICURI,PE,12,8050.6900000000005,242496.45900494262,3.32
2925907,QUIJINGUE,BA,7,8034.549999999999,142877.57391897004,5.62
4119301,PINHÃO,PR,7,8032.5,246394.71750075312,3.26
2200301,ALTO LONGÁ,PI,6,8020.18,175656.7830260583,4.57
3101201,AIURUOCA,MG,2,8001.4400000000005,75363.17028167204,10.62
2504009,CAMPINA GRANDE,PB,7,7994.84,60047.61081057354,13.31
3543253,RIBEIRÃO GRANDE,SP,3,7992.04,39968.9820165088,20.0
2301851,BANABUIÚ,CE,4,7979.76,108878.48679857102,7.33
3170107,UBERABA,MG,4,7965.26,508646.265740454,1.57
4109302,GUARANIAÇU,PR,5,7940.549999999999,150531.48396131405,5.28
2207702,PARNAÍBA,PI,7,7940.24,43753.08903628386,18.15
2922003,MUCURI,BA,6,7933.26,197402.2615354025,4.02
4120804,QUATRO BARRAS,PR,4,7912.389999999999,22050.819167741247,35.88
5107107,SÃO JOSÉ DOS QUATRO MARCOS,MT,5,7911.64,137997.72418571345,5.73
2210359,SÃO LOURENÇO DO PIAUÍ,PI,1,7904.73,69043.09906087033,11.45
2615003,TAQUARITINGA DO NORTE,PE,3,7862.59,48361.440354196035,16.26
3306107,VALENÇA,RJ,8,7857.99,151484.88303100385,5.19
2515203,SÃO SEBASTIÃO DO UMBUZEIRO,PB,5,7839.0,47323.343305691116,16.56
3145901,OURO BRANCO,MG,2,7837.42,29438.887826752172,26.62
4313375,NOVA SANTA RITA,RS,7,7833.93,28905.35015141273,27.1
1709500,GURUPI,TO,8,7823.86,191974.33395622132,4.08
2110856,SÃO FRANCISCO DO BREJÃO,MA,8,7816.719999999999,75048.5811544101,10.42
2113009,VITORINO FREIRE,MA,4,7801.33,119846.76134802774,6.51
2923407,PALMAS DE MONTE ALTO,BA,3,7790.84,271897.1924431892,2.87
5204656,CAMPINAÇU,GO,1,7790.14,209593.34178944468,3.72
2310407,PARAMOTI,CE,6,7777.45,54141.42315671233,14.37
4215000,RIO NEGRINHO,SC,15,7755.84,112899.74913837956,6.87
2706703,PENEDO,AL,5,7746.88,71014.11970250885,10.91
4202701,BOTUVERÁ,SC,1,7738.69,37365.21424898323,20.71
2402303,CARAÚBAS,RN,9,7713.94,110424.56054125215,6.99
2926608,RIBEIRA DO POMBAL,BA,3,7700.53,127092.99901398501,6.06
5108204,TORIXORÉU,MT,22,7699.86,259882.18243066827,2.96
2706307,PALMEIRA DOS ÍNDIOS,AL,4,7683.34,46275.54139656378,16.6
2410306,SERRA CAIADA,RN,3,7681.34,23237.35835600339,33.06
2614857,TAMANDARÉ,PE,23,7674.23,21851.154019022622,35.12
3518701,GUARUJÁ,SP,3,7665.8099999999995,17296.47480284076,44.32
5214101,MUTUNÓPOLIS,GO,7,7665.34,101038.02470285798,7.59
2904704,BUERAREMA,BA,5,7657.049999999999,23484.790427146,32.6
3115458,CATUJI,MG,1,7651.47,45959.311481182864,16.65
2512101,POMBAL,PB,6,7631.09,90553.12940045034,8.43
5210406,ITABERAÍ,GO,6,7629.59,158068.5983928068,4.83
2401859,CAIÇARA DO NORTE,RN,4,7624.929999999999,22722.07290202966,33.56
3530102,MIRANDÓPOLIS,SP,7,7623.89,105188.53144369325,7.25
4201307,ARAQUARI,SC,4,7606.76,48127.29330990076,15.81
3517802,GUARAÇAÍ,SP,6,7606.37,65247.41068329954,11.66
2904050,BONITO,BA,8,7606.18,82559.9463126055,9.21
2928208,SANTANA,BA,1,7540.36,200907.30025871444,3.75
2409704,PEDRO AVELINO,RN,8,7527.049999999999,96028.07763580882,7.84
2407401,MARTINS,RN,1,7512.1,17116.62479356778,43.89
3531704,MONTEIRO LOBATO,SP,3,7511.62,39145.40466673897,19.19
3203403,MIMOSO DO SUL,ES,6,7508.73,99667.02565919116,7.53
4203006,CAÇADOR,SC,4,7508.3099999999995,123039.00736895611,6.1
2505105,CUITÉ,PB,5,7499.549999999999,74252.49219922007,10.1
2804508,NOSSA SENHORA DA GLÓRIA,SE,14,7487.28,77818.91547199166,9.62
3151206,PIRAPORA,MG,4,7473.55,60234.76675070587,12.41
3530607,MOGI DAS CRUZES,SP,7,7469.87,84622.18811665788,8.83
2311009,PORANGA,CE,3,7444.4,131835.40191631118,5.65
1716703,COLMÉIA,TO,8,7423.389999999999,118747.74427565279,6.25
2202729,COCAL DOS ALVES,PI,2,7420.91,32576.03644690871,22.78
3154804,RIO ACIMA,MG,2,7409.9,25848.14990322709,28.67
2708006,SANTANA DO IPANEMA,AL,2,7404.4,44731.14110682233,16.55
3303302,NITERÓI,RJ,10,7378.92,15730.856320280573,46.91
4205175,ENTRE RIOS,SC,2,7376.08,12986.206000258102,56.8
3513504,CUBATÃO,SP,1,7368.02,17045.324504350727,43.23
5204607,CAMPESTRE DE GOIÁS,GO,1,7367.0,29703.13761472254,24.8
2800704,BREJO GRANDE,SE,2,7364.28,14609.079036682984,50.41
2908606,CONDE,BA,1,7343.57,97049.4752208597,7.57
3304805,SÃO FIDÉLIS,RJ,4,7315.54,119550.8869532623,6.12
2506707,IMACULADA,PB,3,7297.31,32269.606244211678,22.61
2305357,ICAPUÍ,CE,6,7286.110000000001,42380.3560540428,17.19
3170651,VARGEM GRANDE DO RIO PARDO,MG,2,7284.47,52761.69600150461,13.81
2309201,NOVA OLINDA,CE,2,7280.58,28658.38223721622,25.4
5203962,BURITINÓPOLIS,GO,1,7279.68,26188.763217377786,27.8
2410900,RIACHUELO,RN,4,7257.04,26525.05500342022,27.36
3139250,MAMONAS,MG,1,7250.97,30431.321691848683,23.83
2306603,ITATIRA,CE,6,7233.28,83360.46549731582,8.68
2508703,MÃE D'ÁGUA,PB,2,7232.0,23206.96426807418,31.16
3304003,PIRAÍ,RJ,4,7140.7300000000005,57421.88313686144,12.44
4204202,CHAPECÓ,SC,8,7131.55,78655.87640605138,9.07
2804409,NEÓPOLIS,SE,8,7119.76,27997.071208345926,25.43
3111408,CAMPO FLORIDO,MG,3,7118.99,142375.49482768588,5.0
5211008,ITAPIRAPUÃ,GO,7,7117.78,220602.3312364983,3.23
2912707,IBIRAPITANGA,BA,5,7117.57,50150.797105052625,14.19
4127502,TIBAGI,PR,13,7114.42,359692.95517303323,1.98
4127601,TIJUCAS DO SUL,PR,1,7106.66,82826.66024876195,8.58
4306767,ELDORADO DO SUL,RS,3,7092.93,67861.69721590957,10.45
3127404,GONÇALVES,MG,1,7092.3,21956.52530503677,32.3
2106631,MATÕES DO NORTE,MA,6,7087.74,79689.04508926214,8.89
2106300,MAGALHÃES DE ALMEIDA,MA,2,7084.74,43534.59106469708,16.27
2607208,IPOJUCA,PE,16,7058.24,53256.02278303256,13.25
2601607,BELÉM DO SÃO FRANCISCO,PE,16,7057.38,186999.82710300165,3.77
4123857,SANTA MARIA DO OESTE,PR,3,7041.79,99363.9134042697,7.09
2605103,CUSTÓDIA,PE,6,7027.46,140865.14851893668,4.99
2613503,SÃO JOSÉ DO BELMONTE,PE,7,7026.5,150021.93202434032,4.68
3302858,MESQUITA,RJ,13,7012.57,4833.55063838002,100.0
4112009,JAGUARIAÍVA,PR,6,6992.55,173974.06671146463,4.02
3129103,GURINHATÃ,MG,7,6991.42,206685.05934841436,3.38
2502151,BOA VISTA,PB,6,6991.12,47594.32632708096,14.69
2919009,LAJEDINHO,BA,5,6970.9800000000005,88618.36752531595,7.87
2208106,PIMENTEIRAS,PI,5,6968.15,461305.04334482405,1.51
5004908,JARAGUARI,MS,3,6965.32,330249.9003993264,2.11
1715002,NOVA ROSALÂNDIA,TO,6,6940.13,53188.42094301801,13.05
2401107,AREIA BRANCA,RN,5,6937.4400000000005,34493.696827093045,20.11
3168705,TIMÓTEO,MG,2,6921.700000000001,16228.484591923141,42.65
2513802,SANTA TERESINHA,PB,4,6920.16,36452.24391876034,18.98
2204659,ILHA GRANDE,PI,3,6913.58,12985.459157380272,53.24
2923001,NOVA VIÇOSA,BA,1,6906.36,145102.50043264564,4.76
3552007,SILVEIRAS,SP,2,6900.67,48653.23034262349,14.18
5005400,MARACAJU,MS,6,6897.62,622497.8880482598,1.11
3149804,PERDIZES,MG,5,6897.05,274974.1207123331,2.51
2902104,ARACI,BA,4,6895.54,155277.26782542974,4.44
2607307,IPUBI,PE,1,6894.54,70500.1601354045,9.78
1720804,SÍTIO NOVO DO TOCANTINS,TO,19,6881.6,30968.79031989209,22.22
3148004,PATOS DE MINAS,MG,5,6857.57,354498.8575260042,1.93
4314779,PONTÃO,RS,6,6838.14,64353.46586347996,10.63
2930105,SENHOR DO BONFIM,BA,3,6837.66,81522.3490600531,8.39
2509701,MONTEIRO,PB,6,6835.71,101042.10720292493,6.77
4115101,MARILUZ,PR,1,6829.96,51826.639570599065,13.18
1718907,SANTA ROSA DO TOCANTINS,TO,4,6809.21,187526.64629506116,3.63
2917904,JANDAÍRA,BA,2,6802.1,66677.65119770443,10.2
1100262,RIO CRESPO,RO,7,6791.91,176484.92877812998,3.85
4311205,JÚLIO DE CASTILHOS,RS,4,6771.19,252802.48952829375,2.68
4113452,LINDOESTE,PR,8,6759.09,42332.64016429623,15.97
2515302,SAPÉ,PB,12,6739.63,31806.617936105293,21.19
3135076,JAMPRUCA,MG,6,6739.45,57366.472892743324,11.75
3138625,LIMEIRA DO OESTE,MG,3,6732.55,147775.25867298775,4.56
2912608,IBIQUERA,BA,2,6726.139999999999,73203.43858957186,9.19
3144805,NOVA LIMA,MG,7,6701.08,48567.40287642612,13.8
5007935,SONORA,MS,2,6690.56,460083.42218072043,1.45
2702900,GIRAU DO PONCIANO,AL,8,6683.17,53253.26532952358,12.55
3554102,TAUBATÉ,SP,6,6674.46,73691.85164855082,9.06
3304300,RIO BONITO,RJ,9,6673.660000000001,53893.91115625346,12.38
2924207,PEDRO ALEXANDRE,BA,8,6666.34,91628.66535996411,7.28
1708304,GOIANORTE,TO,7,6653.3,183851.95652671935,3.62
2300507,ALCÂNTARAS,CE,2,6637.89,13612.651765818959,48.76
2508000,JURU,PB,1,6631.81,40139.52344644035,16.52
5104609,ITIQUIRA,MT,2,6630.68,952907.8940510664,0.7
4115408,MARMELEIRO,PR,5,6626.78,48063.59785388822,13.79
4121703,RESERVA,PR,7,6619.48,197355.01547857214,3.35
4107157,DIAMANTE D'OESTE,PR,5,6606.4800000000005,37514.040015372135,17.61
3107109,BOA ESPERANÇA,MG,1,6591.02,98608.77546876785,6.68
3508405,CABREÚVA,SP,2,6578.3,30781.141975484068,21.37
1718501,RECURSOLÂNDIA,TO,3,6572.7,226444.0576326597,2.9
2921500,MONTE SANTO,BA,8,6564.93,313160.34017134295,2.1
3523602,ITIRAPINA,SP,3,6556.12,65809.03986285109,9.96
3521002,IPERÓ,SP,3,6551.15,20173.35919627505,32.47
2501005,ARARUNA,PB,10,6538.1,24961.98353111262,26.19
1500800,ANANINDEUA,PA,7,6537.45,19046.227769381083,34.32
5106273,NOVO HORIZONTE DO NORTE,MT,3,6526.55,95593.76109084612,6.83
2211001,TERESINA,PI,14,6522.29,140063.73927602312,4.66
4206306,GUABIRUBA,SC,1,6510.97,21670.80605603922,30.04
2307205,JATI,CE,2,6506.35,37457.74605414711,17.37
2301505,ARNEIROZ,CE,3,6500.74,107982.33644357162,6.02
2407104,MACAÍBA,RN,10,6486.1,51492.72357707926,12.6
4110102,IMBITUVA,PR,2,6474.74,92221.06650030644,7.02
3103702,ARAPONGA,MG,1,6465.24,34629.10576894937,18.67
1707009,DIANÓPOLIS,TO,4,6428.3,345514.74465048895,1.86
2600054,ABREU E LIMA,PE,6,6416.08,12863.375140048096,49.88
4303202,CACIQUE DOBLE,RS,2,6414.95,25954.70808040906,24.72
2802809,INDIAROBA,SE,14,6412.14,32886.69497989673,19.5
1100908,CASTANHEIRAS,RO,4,6374.08,92823.50141506344,6.87
1506351,SANTA BÁRBARA DO PARÁ,PA,1,6358.89,27793.679952659506,22.88
2704609,MARAVILHA,AL,1,6350.78,34242.410515335636,18.55
2111201,SÃO JOSÉ DE RIBAMAR,MA,2,6342.2699999999995,18050.686749134165,35.14
4214102,PRESIDENTE NEREU,SC,1,6322.26,28371.42947640338,22.28
2900355,ADUSTINA,BA,5,6304.889999999999,65003.95037014433,9.7
2512705,REMÍGIO,PB,7,6296.599999999999,18592.39339058696,33.87
2401602,BENTO FERNANDES,RN,8,6292.040000000001,30365.344126983608,20.72
3104205,ARCOS,MG,2,6272.5,57817.598110237945,10.85
2306504,ITAPIÚNA,CE,7,6268.81,59632.10309822523,10.51
3537404,PEREIRA BARRETO,SP,5,6266.47,111075.7062046712,5.64
2505709,DONA INÊS,PB,10,6260.18,17575.038016235067,35.62
2207603,PARNAGUÁ,PI,1,6237.51,353739.01614851766,1.76
3541000,PRAIA GRANDE,SP,3,6229.3,17894.479738407405,34.81
4121257,RAMILÂNDIA,PR,3,6214.09,28851.65455027849,21.54
3118403,CONSELHEIRO PENA,MG,3,6201.3099999999995,166002.91699506255,3.74
4205001,DIONÍSIO CERQUEIRA,SC,3,6195.55,47043.262637772954,13.17
2107902,PASSAGEM FRANCA,MA,4,6184.89,137233.9275256263,4.51
3109006,BRUMADINHO,MG,3,6145.370000000001,72433.40814724196,8.48
4217600,SIDERÓPOLIS,SC,1,6140.64,33884.59566755799,18.12
2707206,POÇO DAS TRINCHEIRAS,AL,1,6126.41,29175.282962018453,21.0
2927200,RUY BARBOSA,BA,4,6125.21,208242.08165002207,2.94
3145307,NOVO CRUZEIRO,MG,3,6121.46,186626.33169482255,3.28
3304755,SÃO FRANCISCO DE ITABAPOANA,RJ,3,6097.099999999999,128735.45174697328,4.74
3159308,SANTA RITA DE JACUTINGA,MG,2,6096.11,48929.98435469414,12.46
2206803,NOSSA SENHORA DOS REMÉDIOS,PI,3,6096.02,35922.53581586109,16.97
2202737,COIVARAS,PI,4,6080.17,48771.07196359987,12.47
4311122,JAQUIRANA,RS,1,6078.39,118365.83143506918,5.14
4314902,PORTO ALEGRE,RS,7,6067.349999999999,66066.53954911874,9.18
3144375,NATALÂNDIA,MG,3,6062.06,50912.67928366782,11.91
2205953,MARCOLÂNDIA,PI,1,6052.31,13892.840540862495,43.56
2800506,AREIA BRANCA,SE,1,6048.2,15329.021947822373,39.46
2917607,JAGUAQUARA,BA,7,6035.3,97670.28859720971,6.18
2203701,ESPERANTINA,PI,15,6027.81,91167.86122424334,6.61
4205159,DOUTOR PEDRINHO,SC,5,6026.620000000001,46770.896458910625,12.89
4126207,SAPOPEMA,PR,3,6011.64,80849.52928702845,7.44
2805307,PIRAMBU,SE,4,6004.47,21575.745738868034,27.83
2608008,JATAÚBA,PE,5,5954.35,72793.80497018664,8.18
2614303,MOREILÂNDIA,PE,1,5947.03,41097.455081111744,14.47
3502804,ARAÇATUBA,SP,2,5939.21,133837.72190972825,4.44
3127701,GOVERNADOR VALADARES,MG,4,5936.15,260836.09403017678,2.28
2501500,BANANEIRAS,PB,11,5929.29,25883.15241456785,22.91
2928059,SANTA LUZIA,BA,8,5888.47,88594.55016890616,6.65
3150570,PINTÓPOLIS,MG,4,5876.92,132813.96203080443,4.42
4309209,GRAVATAÍ,RS,4,5873.95,62121.12340584707,9.46
4117800,PALMITAL,PR,6,5872.34,99105.67307845621,5.93
3305158,SÃO JOSÉ DO VALE DO RIO PRETO,RJ,5,5871.41,25618.047227021398,22.92
2202208,CAMPO MAIOR,PI,5,5866.45,169097.40161211567,3.47
2409605,PEDRA PRETA,RN,1,5860.01,29735.25323752775,19.71
2307809,MARCO,CE,5,5859.63,57468.295214561214,10.2
5200175,ÁGUA FRIA DE GOIÁS,GO,6,5841.21,216346.26301586107,2.7
2313500,TRAIRI,CE,6,5841.0599999999995,93073.78983507863,6.28
4305371,CHARRUA,RS,1,5835.67,25399.527773428686,22.98
2607406,ITACURUBA,PE,5,5835.1,44626.07600312579,13.08
2102150,BREJO DE AREIA,MA,1,5823.52,99054.37311031444,5.88
2414001,TANGARÁ,RN,7,5815.7300000000005,34307.38519292521,16.95
2205805,LUZILÂNDIA,PI,9,5805.21,70752.75967713521,8.2
3538501,PIQUETE,SP,2,5770.179999999999,20600.87331642937,28.01
2909000,CORDEIROS,BA,2,5764.4400000000005,56051.99639973969,10.28
3100500,AÇUCENA,MG,1,5743.5,91092.43336946933,6.31
2702405,DELMIRO GOUVEIA,AL,7,5738.01,64487.25247911086,8.9
2906824,CANUDOS,BA,3,5703.08,367120.9948679134,1.55
3157104,SALTO DA DIVISA,MG,2,5681.960000000001,101451.14971449698,5.6
2916500,ITAPICURU,BA,8,5670.93,161630.9683939547,3.51
2404606,IELMO MARINHO,RN,5,5666.62,31482.575487740058,18.0
3131901,ITABIRITO,MG,5,5652.51,61685.32620045489,9.16
1703602,BRASILÂNDIA DO TOCANTINS,TO,4,5640.040000000001,65873.15454970494,8.56
2404507,GUAMARÉ,RN,5,5639.5199999999995,26009.27971978303,21.68
3113008,CARAÍ,MG,2,5631.120000000001,135856.43963085377,4.14
3516606,GÁLIA,SP,5,5624.71,41499.898859741166,13.55
2802106,ESTÂNCIA,SE,13,5611.94,67197.13266015725,8.35
2205409,JOAQUIM PIRES,PI,4,5607.26,74247.7706896661,7.55
1506203,SALINÓPOLIS,PA,4,5603.79,22587.82259081174,24.81
1702158,ARAGUANÃ,TO,6,5595.97,84557.19754810382,6.62
2500304,ALAGOA GRANDE,PB,17,5580.38,32658.08183240323,17.09
2109007,PORTO FRANCO,MA,3,5577.289999999999,143685.74137354092,3.88
3504305,AVAÍ,SP,5,5569.639999999999,62925.612458987154,8.85
3139201,MALACACHETA,MG,1,5569.01,80183.40284875045,6.95
3129509,IBIÁ,MG,5,5568.48,303946.82108623465,1.83
4104428,CANDÓI,PR,7,5540.030000000001,185346.80428060354,2.99
4300406,ALEGRETE,RS,4,5525.43,1032219.9848778931,0.54
3548906,SÃO CARLOS,SP,7,5516.11,131816.4453465408,4.18
3169505,TUMIRITINGA,MG,5,5502.75,55838.97935341769,9.85
1700350,ALIANÇA DO TOCANTINS,TO,9,5493.2,164207.22848112395,3.35
5221601,URUAÇU,GO,3,5488.78,228045.02674048394,2.41
2301208,ARACOIABA,CE,5,5485.34,64713.71888352016,8.48
5221577,UIRAPURU,GO,3,5460.47,122569.49150829046,4.45
2200277,ALEGRETE DO PIAUÍ,PI,1,5459.38,24729.67363225393,22.08
3132800,ITAMBÉ DO MATO DENTRO,MG,4,5459.1900000000005,42665.593365330256,12.8
3530201,MIRANTE DO PARANAPANEMA,SP,4,5444.46,144520.13320486702,3.77
5101258,ARAPUTANGA,MT,5,5440.22,175873.12331941494,3.09
2803203,ITAPORANGA D'AJUDA,SE,9,5439.85,76683.73835011518,7.09
2927408,SALVADOR,BA,7,5439.7,72764.33040167045,7.48
5002001,BATAYPORÃ,MS,8,5437.62,213196.0745561333,2.55
3541307,PRESIDENTE EPITÁCIO,SP,5,5433.1,146105.26316467946,3.72
2932101,UBAÍRA,BA,2,5431.99,69976.15983989058,7.76
2511905,PITIMBU,PB,11,5429.54,13792.863818613827,39.36
2313104,TABULEIRO DO NORTE,CE,4,5423.06,105553.35577132585,5.14
2911907,IAÇU,BA,1,5403.31,245989.38440322896,2.2
5002704,CAMPO GRANDE,MS,8,5392.19,924387.6561170868,0.58
3125101,EXTREMA,MG,2,5391.12,28726.124273518533,18.77
2301406,ARATUBA,CE,5,5388.65,12032.221376821188,44.79
2504900,CRUZ DO ESPÍRITO SANTO,PB,15,5383.65,19528.912180677413,27.57
2705606,NOVO LINO,AL,7,5383.3,22447.55459578441,23.98
2917508,JACOBINA,BA,4,5379.27,227454.08831702272,2.36
4203154,CALMON,SC,2,5357.7,79402.10248317721,6.75
4206108,GRÃO-PARÁ,SC,2,5355.79,42897.07277190674,12.49
2305332,IBICUITINGA,CE,4,5349.42,42652.69855334649,12.54
5004106,GUIA LOPES DA LAGUNA,MS,2,5345.13,141339.7926590173,3.78
2103109,CEDRAL,MA,1,5339.37,28520.330246199872,18.72
4318804,SÃO LOURENÇO DO SUL,RS,1,5330.51,278085.47815278283,1.92
4126272,SAUDADE DO IGUAÇU,PR,2,5327.0599999999995,18688.947144029262,28.5
4110805,IRETAMA,PR,3,5327.04,68571.29179659265,7.77
1720853,SUCUPIRA,TO,9,5320.32,106352.68228395602,5.0
2207504,PALMEIRAIS,PI,5,5312.4800000000005,150769.97992245937,3.52
2918209,JIQUIRIÇÁ,BA,1,5290.12,25165.35052018193,21.02
2111607,SÃO RAIMUNDO DAS MANGABEIRAS,MA,2,5288.919999999999,357261.28014145035,1.48
1100296,SANTA LUZIA D'OESTE,RO,3,5285.04,125028.99427130098,4.23
2611903,RIO FORMOSO,PE,11,5281.72,23243.538975425505,22.72
3536208,PARIQUERA-AÇU,SP,4,5270.16,43426.346977429865,12.14
3140001,MARIANA,MG,4,5256.28,135539.26963431435,3.88
3101300,ALAGOA,MG,2,5251.9,18778.47569598916,27.97
3548203,SANTO ANTÔNIO DO PINHAL,SP,1,5250.96,15623.748472883024,33.61
2611606,RECIFE,PE,27,5243.7300000000005,22290.965483622418,23.52
2308500,MOMBAÇA,CE,2,5221.57,212445.0328160408,2.46
2702108,COLÔNIA LEOPOLDINA,AL,3,5220.03,20616.28893878701,25.32
2930303,SERRA DOURADA,BA,3,5214.83,167196.21041935103,3.12
3300258,ARRAIAL DO CABO,RJ,6,5210.04,17891.40310406418,29.12
2703007,IBATEGUARA,AL,2,5206.39,27152.53604930162,19.17
2106508,MATINHA,MA,3,5197.88,41130.935051291344,12.64
5205497,CIDADE OCIDENTAL,GO,2,5196.13,42184.88528018928,12.32
4105706,CLEVELÂNDIA,PR,7,5180.42,87404.5160855917,5.93
2930709,SIMÕES FILHO,BA,7,5179.490000000001,21155.120924509618,24.48
3101706,ALMENARA,MG,3,5175.68,248108.2180346677,2.09
2308005,MASSAPÊ,CE,5,5168.81,56918.271749004496,9.08
2309805,PACOTI,CE,1,5166.54,11289.88639140341,45.76
3515350,EUCLIDES DA CUNHA PAULISTA,SP,2,5156.5,67107.07906029292,7.68
3507100,BOM JESUS DOS PERDÕES,SP,2,5155.53,12793.183366596752,40.3
2613701,SÃO LOURENÇO DA MATA,PE,21,5152.25,26856.533750949286,19.18
3504008,ASSIS,SP,3,5151.57,53924.60108475333,9.55
3550605,SÃO ROQUE,SP,2,5137.87,36437.36776287939,14.1
3102050,ALTO CAPARAÓ,MG,1,5133.07,11788.179609044286,43.54
4128203,UNIÃO DA VITÓRIA,PR,1,5130.93,89070.43978556203,5.76
4207650,IPORÃ DO OESTE,SC,1,5116.33,25267.828587081836,20.25
2210631,SEBASTIÃO LEAL,PI,3,5108.28,320296.6896284049,1.59
2306009,IRACEMA,CE,5,5089.09,84669.60394008906,6.01
3202108,ECOPORANGA,ES,7,5086.77,252960.16753604435,2.01
2301604,ASSARÉ,CE,1,5080.28,117055.67464384835,4.34
2313302,TAUÁ,CE,3,5077.139999999999,404882.05105996545,1.25
4309126,GRAMADO DOS LOUREIROS,RS,2,5072.780000000001,16639.866011893977,30.49
5204706,CAMPINORTE,GO,1,5072.4,112933.91185848074,4.49
4205506,FRAIBURGO,SC,9,5061.6,69044.25259495042,7.33
1703800,BURITI DO TOCANTINS,TO,8,5060.86,25461.437416039298,19.88
2207801,PAULISTANA,PI,3,5050.09,197788.27700348955,2.55
4217501,SEARA,SC,1,5040.4,39002.4912075537,12.92
3171105,VERÍSSIMO,MG,3,5031.55,116041.15031310168,4.34
2906501,CANDEIAS,BA,6,5031.35,26414.65439125372,19.05
3113404,CARATINGA,MG,2,5026.25,141724.2462228279,3.55
1507466,SÃO JOÃO DA PONTA,PA,15,5015.73,19572.43533164062,25.63
2609402,MORENO,PE,13,5008.39,19790.727864826025,25.31
4109708,IBAITI,PR,3,5006.52,107013.1897530913,4.68
5103437,CURVELÂNDIA,MT,6,4992.25,38447.085507382915,12.98
4311601,LIBERATO SALZANO,RS,1,4992.03,31164.617535627276,16.02
1101203,MINISTRO ANDREAZZA,RO,2,4984.92,82793.57912542032,6.02
4313508,OSÓRIO,RS,5,4981.91,88113.74004226734,5.65
2924900,PLANALTINO,BA,7,4981.75,100633.46720968197,4.95
2409506,PEDRA GRANDE,RN,4,4977.02,22267.800121922806,22.35
1714302,NAZARÉ,TO,3,4972.4800000000005,40035.19370223488,12.42
2409902,PENDÊNCIAS,RN,2,4968.74,42220.55213736578,11.77
3138351,LEME DO PRADO,MG,2,4965.16,30589.319341808594,16.23
2301000,AQUIRAZ,CE,6,4963.22,48195.7798733594,10.3
4211009,MONDAÍ,SC,1,4958.96,25206.11278764589,19.67
2410108,POÇO BRANCO,RN,9,4953.06,23229.63073934575,21.32
3124203,ESPERA FELIZ,MG,3,4952.99,36176.304106880896,13.69
3532108,MURUTINGA DO SUL,SP,3,4943.07,28723.244069280852,17.21
2109759,SANTA FILOMENA DO MARANHÃO,MA,3,4942.969999999999,62823.07311361146,7.87
3204609,SANTA TERESA,ES,5,4940.62,77080.29438018257,6.41
3146503,PAINS,MG,2,4921.43,47912.398531593484,10.27
3506904,BOFETE,SP,2,4920.299999999999,77104.55397177345,6.38
3543907,RIO CLARO,SP,4,4902.38,58160.99983346897,8.43
2207355,PAJEÚ DO PIAUÍ,PI,5,4901.57,100465.04681212326,4.88
3203809,MUQUI,ES,3,4887.389999999999,37440.70922526999,13.05
2108405,PERI MIRIM,MA,2,4886.7,39830.727216987776,12.27
3204104,PINHEIROS,ES,4,4882.77,107842.19322276246,4.53
4114500,MANOEL RIBAS,PR,2,4864.83,68801.03693301578,7.07
4121604,RENASCENÇA,PR,5,4863.0,52714.22937293953,9.23
2926707,RIO DE CONTAS,BA,3,4859.96,117848.67043662131,4.12
2310258,PARAIPABA,CE,4,4839.85,28990.69262094623,16.69
2932804,UTINGA,BA,3,4834.1,66165.59980307856,7.31
4310553,ITACURUBI,RS,2,4830.64,145507.2516345681,3.32
2802403,GARARU,SE,8,4780.96,68134.58781358766,7.02
2412807,SÃO RAFAEL,RN,2,4777.59,47339.81091680785,10.09
1706258,CRIXÁS DO TOCANTINS,TO,9,4771.24,102064.40664518582,4.67
4308904,GETÚLIO VARGAS,RS,1,4759.23,36674.849848082114,12.98
2209708,SÃO FRANCISCO DO PIAUÍ,PI,2,4748.54,136104.01786321274,3.49
4127304,TERRA RICA,PR,5,4748.08,82172.83522040439,5.78
3141009,MATO VERDE,MG,2,4732.03,50734.387342828195,9.33
4104600,CAPITÃO LEÔNIDAS MARQUES,PR,2,4715.9,34276.44320594196,13.76
3125952,FERVEDOURO,MG,1,4714.16,40781.60979389814,11.56
3520442,ILHA SOLTEIRA,SP,3,4711.26,74170.53676986073,6.35
2614006,SERRITA,PE,3,4707.95,156228.5570121557,3.01
3138500,LIBERDADE,MG,1,4706.19,46595.079973581305,10.1
2910727,EUNÁPOLIS,BA,2,4704.83,154521.2389031251,3.04
5002902,CASSILÂNDIA,MS,2,4702.96,414868.31602218497,1.13
3147808,PASSA VINTE,MG,1,4695.93,28693.56214789149,16.37
5215702,PALMEIRAS DE GOIÁS,GO,2,4689.85,167452.4459616514,2.8
4306924,ENGENHO VELHO,RS,1,4685.14,9054.780067459464,51.74
3304524,RIO DAS OSTRAS,RJ,6,4683.91,26641.038385805707,17.58
2406502,LAGOA NOVA,RN,6,4672.73,17808.148413213188,26.24
3103504,ARAGUARI,MG,3,4657.77,303240.8928263093,1.54
2700409,ATALAIA,AL,11,4633.4800000000005,54744.52082861103,8.46
2413904,TAIPU,RN,7,4627.6,35575.121978442665,13.01
4123303,SANTA CRUZ DE MONTE CASTELO,PR,5,4620.37,52114.513940442004,8.87
2931608,TEOLÂNDIA,BA,1,4614.92,30614.08281739682,15.07
3140506,MARTINHO CAMPOS,MG,1,4611.38,118754.00570093929,3.88
2305100,GUARAMIRANGA,CE,5,4609.45,9120.309745886838,50.54
4106001,CONGONHINHAS,PR,4,4607.28,63686.5537396759,7.23
4107736,FERNANDES PINHEIRO,PR,6,4604.93,49789.62024545575,9.25
5103957,GLÓRIA D'OESTE,MT,4,4597.8,89865.84908941272,5.12
2921450,MIRANTE,BA,1,4596.3,124560.15338142266,3.69
5210109,IPAMERI,GO,1,4592.67,481028.8286282538,0.95
2914703,ITABERABA,BA,3,4586.46,249985.5386856488,1.83
3154507,RIACHO DOS MACHADOS,MG,2,4577.12,142203.71372387453,3.22
4312138,MATO CASTELHANO,RS,3,4573.47,30638.621834107904,14.93
5213806,MORRINHOS,GO,2,4564.88,313307.17758569284,1.46
3202405,GUARAPARI,ES,3,4550.77,67165.68271380925,6.78
2516300,SUMÉ,PB,2,4535.18,84733.04231140309,5.35
1507409,SÃO FRANCISCO DO PARÁ,PA,1,4518.24,47906.84246990363,9.43
2927903,SANTA INÊS,BA,5,4510.52,39478.28690477209,11.43
2404101,GALINHOS,RN,3,4480.68,34311.05360980983,13.06
3151701,POÇO FUNDO,MG,1,4474.96,54898.8136713465,8.15
1707553,FÁTIMA,TO,4,4473.98,39367.08988647415,11.36
2929503,SÃO SEBASTIÃO DO PASSÉ,BA,5,4471.02,56227.08255794551,7.95
4318903,SÃO LUIZ GONZAGA,RS,6,4463.55,167190.876628315,2.67
3201803,DIVINO DE SÃO LOURENÇO,ES,1,4460.33,19818.891534254217,22.51
2402709,CERRO CORÁ,RN,4,4457.5599999999995,39739.30889932754,11.22
2503704,CAJAZEIRAS,PB,7,4442.51,57024.61403173647,7.79
4127882,TUNAS DO PARANÁ,PR,2,4439.299999999999,81125.98494162655,5.47
2207959,NOVA SANTA RITA,PI,3,4437.63,92700.18381132008,4.79
2304236,CROATÁ,CE,5,4435.58,69959.47875292474,6.34
3304904,SÃO GONÇALO,RJ,7,4423.43,29147.29107715439,15.18
4208104,ITAIÓPOLIS,SC,6,4421.08,161520.6322449257,2.74
2500577,ALGODÃO DE JANDAÍRA,PB,4,4405.62,22569.61481287819,19.52
5216452,PEROLÂNDIA,GO,2,4397.27,113428.23821601548,3.88
2807105,SIMÃO DIAS,SE,5,4397.12,57957.98765619836,7.59
2513109,SALGADO DE SÃO FÉLIX,PB,4,4395.8099999999995,20726.097356454913,21.21
2302503,BREJO SANTO,CE,2,4372.5,66529.66983206943,6.57
2516151,SOSSÊGO,PB,4,4365.0,14910.49153805666,29.27
2709202,TRAIPU,AL,10,4355.16,69971.51208215381,6.22
5204300,CAÇU,GO,6,4343.53,250791.81462488938,1.73
2108108,PAULO RAMOS,MA,2,4331.8099999999995,117445.04583722212,3.69
2505600,DIAMANTE,PB,4,4327.43,27604.07165045318,15.68
4104451,CANTAGALO,PR,7,4327.02,69318.39607465698,6.24
5217203,PIRANHAS,GO,2,4319.08,221869.52353791374,1.95
2309300,NOVA RUSSAS,CE,4,4315.41,74091.8597477176,5.82
1507755,SAPUCAIA,PA,5,4313.04,131515.5008533055,3.28
1506500,SANTA IZABEL DO PARÁ,PA,7,4312.61,71719.80820745672,6.01
3302205,ITAPERUNA,RJ,7,4289.2699999999995,127097.113278635,3.37
3148707,PEDRA AZUL,MG,3,4275.68,172204.03753011825,2.48
3137809,LAMBARI,MG,1,4270.44,24736.867388302282,17.26
3529203,MARTINÓPOLIS,SP,3,4263.67,145915.92358470336,2.92
2504603,CONDE,PB,9,4260.69,17383.412316782902,24.51
3166501,SERRA AZUL DE MINAS,MG,2,4243.37,24230.290084174296,17.51
2207793,PAU D'ARCO DO PIAUÍ,PI,4,4238.96,43310.12773174617,9.79
3203908,NOVA VENÉCIA,ES,12,4228.26,160143.88886210765,2.64
2801306,CAPELA,SE,5,4217.75,45665.44116031627,9.24
2905602,CAMACAN,BA,4,4207.54,62843.07462581588,6.7
2804201,MONTE ALEGRE DE SERGIPE,SE,9,4202.93,39898.97707668933,10.53
2107506,PAÇO DO LUMIAR,MA,3,4201.63,12728.05352156296,33.01
3147303,PARAISÓPOLIS,MG,3,4196.860000000001,38761.86683335366,10.83
2924306,PIATÃ,BA,1,4195.75,192091.38935542756,2.18
2413102,SENADOR ELÓI DE SOUZA,RN,4,4190.4,14499.387471103088,28.9
2516201,SOUSA,PB,8,4167.87,73770.54060252462,5.65
1711951,LAGOA DO TOCANTINS,TO,1,4154.92,94683.99952342386,4.39
3506003,BAURU,SP,7,4154.11,77779.07904205045,5.34
3512704,CORUMBATAÍ,SP,4,4153.13,32448.663038866103,12.8
5003108,CORGUINHO,MS,4,4148.27,297537.76153720747,1.39
4210704,MATOS COSTA,SC,7,4143.8099999999995,54206.53241204238,7.64
3158102,SANTA MARIA DO SALTO,MG,2,4138.639999999999,47748.688148817084,8.67
2508901,MAMANGUAPE,PB,5,4131.49,34167.42619993513,12.09
2203255,CURRALINHOS,PI,6,4130.8099999999995,34871.03876541978,11.85
2905701,CAMAÇARI,BA,9,4128.29,82382.91027944928,5.01
3102704,CACHOEIRA DE PAJEÚ,MG,1,4126.25,75134.53833242315,5.49
5004700,IVINHEMA,MS,3,4126.16,233772.4497083767,1.77
2705101,MATRIZ DE CAMARAGIBE,AL,5,4120.31,24389.17548865083,16.89
2511202,PEDRAS DE FOGO,PB,13,4115.21,41292.6754620729,9.97
2923209,OLIVEIRA DOS BREJINHOS,BA,2,4115.08,346528.4974932671,1.19
2306256,ITAITINGA,CE,3,4088.83,15424.528367078346,26.51
2503902,CAMALAÚ,PB,4,4074.01,55153.8131718821,7.39
2104552,GOVERNADOR EDISON LOBÃO,MA,7,4067.67,62134.48867341096,6.55
2604106,CARUARU,PE,11,4065.73,93680.0007438887,4.34
3159506,SANTA RITA DO ITUETO,MG,3,4061.4399999999996,54426.225661840996,7.46
2920502,MARACÁS,BA,5,4038.9300000000003,254827.74594028573,1.58
4103057,BOA VISTA DA APARECIDA,PR,2,4036.87,32556.50641645131,12.4
2500775,APARECIDA,PB,4,4022.99,29522.373241047673,13.63
5103452,DENISE,MT,4,4020.73,135896.9969336919,2.96
2517100,VÁRZEA,PB,4,4013.54,19373.988672071588,20.72
2311108,PORTEIRAS,CE,1,4011.57,22849.911644578846,17.56
2202174,CAMPO LARGO DO PIAUÍ,PI,5,4010.8900000000003,47968.14805149513,8.36
4115705,MATINHOS,PR,4,4007.3500000000004,14448.103768608516,27.74
2803302,JAPARATUBA,SE,5,3987.9,37782.5378002144,10.55
1700707,ALVORADA,TO,5,3974.6499999999996,126371.22681238186,3.15
3503208,ARARAQUARA,SP,3,3967.2599999999998,116157.00561967313,3.42
2917003,ITIÚBA,BA,4,3962.75,170742.277244479,2.32
3501905,AMPARO,SP,1,3951.08,52208.68906136071,7.57
5208400,GOIANÁPOLIS,GO,3,3949.17,18097.40922173875,21.82
3542206,RANCHARIA,SP,2,3943.65,185006.56605490835,2.13
2303204,CARIRIAÇU,CE,1,3914.84,64295.80828842922,6.09
3150901,PIRANGUÇU,MG,4,3914.7,23822.6282677336,16.43
4215679,SANTA TEREZINHA,SC,5,3911.99,89375.56000481559,4.38
3507605,BRAGANÇA PAULISTA,SP,2,3911.5299999999997,60304.45054094429,6.49
4322004,TRIUNFO,RS,1,3909.27,108390.03335140891,3.61
4310603,ITAQUI,RS,1,3901.02,445855.5036667816,0.87
2313351,TEJUÇUOCA,CE,4,3899.95,76134.55278902245,5.12
4209706,LEBON RÉGIS,SC,7,3899.75,118009.01717562335,3.3
4116802,NOVA CANTU,PR,3,3899.4300000000003,67096.68566902829,5.81
2914208,IRAJUBA,BA,5,3897.88,48366.69357623669,8.06
2105922,LAGOA DO MATO,MA,1,3887.72,152792.8215355297,2.54
3135456,JENIPAPO DE MINAS,MG,2,3881.13,31104.491022936494,12.48
2703205,IGREJA NOVA,AL,3,3879.1,44108.396444510254,8.79
4104808,CASCAVEL,PR,6,3878.4300000000003,254095.87095273222,1.53
2104628,GOVERNADOR LUIZ ROCHA,MA,2,3877.48,40483.37382309127,9.58
4308052,FAXINALZINHO,RS,2,3867.02,18127.12794808629,21.33
2103752,DAVINÓPOLIS,MA,6,3860.03,33500.97157867854,11.52
2305902,IPUEIRAS,CE,5,3853.12,149088.33747512006,2.58
2602902,CABO DE SANTO AGOSTINHO,PE,11,3849.6200000000003,45418.065455447686,8.48
2109304,PRESIDENTE VARGAS,MA,5,3848.77,46101.28610226708,8.35
2909505,CRAVOLÂNDIA,BA,2,3846.42,19261.33071531986,19.97
4101606,ARAPOTI,PR,2,3839.46,162904.2257220796,2.36
4321857,TRÊS PALMEIRAS,RS,2,3830.62,22942.124716302886,16.7
4119707,PLANALTINA DO PARANÁ,PR,3,3823.7799999999997,42000.11099809037,9.1
3503505,AREIAS,SP,3,3817.56,35770.637936764964,10.67
4302501,BOSSOROCA,RS,4,3795.95,208538.58942545016,1.82
3113800,CARMÉSIA,MG,1,3792.88,28947.62952471192,13.1
3158003,SANTA MARIA DE ITABIRA,MG,3,3782.85,67051.41786183021,5.64
3533205,NOVA INDEPENDÊNCIA,SP,3,3781.0600000000004,30400.163402454673,12.44
3119401,CORONEL FABRICIANO,MG,2,3778.64,24838.39172342082,15.21
2305308,IBIAPINA,CE,5,3776.4900000000002,41555.49417326911,9.09
2201804,BOCAINA,PI,1,3776.17,26514.257792889268,14.24
1720655,SILVANÓPOLIS,TO,2,3771.82,130559.30769449632,2.89
2313005,SOLONÓPOLE,CE,2,3759.94,154960.9043852085,2.43
2910503,ENTRE RIOS,BA,2,3759.1899999999996,124015.81001721353,3.03
2111706,SÃO VICENTE FERRER,MA,2,3739.5600000000004,39443.82771526098,9.48
2906600,CANDIBA,BA,2,3737.39,46149.77904110277,8.1
3550407,SÃO PEDRO,SP,4,3736.87,71518.87392273001,5.23
2801405,CARIRA,SE,6,3730.6,65929.9274029311,5.66
3153905,RAPOSOS,MG,1,3729.71,8161.402620694903,45.7
2514909,SÃO MAMEDE,PB,6,3728.49,54061.46929301219,6.9
3133600,ITAPEVA,MG,1,3727.27,20787.831998797068,17.93
2600906,AMARAJI,PE,9,3726.35,23795.980221741822,15.66
1506906,SANTARÉM NOVO,PA,2,3717.2799999999997,22928.773335134734,16.21
5203203,BARRO ALTO,GO,3,3713.85,115492.92625610039,3.22
3500550,ÁGUAS DE SANTA BÁRBARA,SP,1,3707.45,47528.22164694944,7.8
4316105,RONDA ALTA,RS,2,3700.04,53374.23795894921,6.93
3523008,ITAPURA,SP,3,3698.17,34354.802353292944,10.76
1718881,SANTA MARIA DO TOCANTINS,TO,3,3696.5,144437.57360319197,2.56
2400703,ALTO DO RODRIGUES,RN,2,3695.42,19277.60019639515,19.17
2104008,ESPERANTINÓPOLIS,MA,2,3691.19,45515.23593932316,8.11
2203271,CURRAL NOVO DO PIAUÍ,PI,2,3689.19,76871.73080391873,4.8
3128006,GUANHÃES,MG,1,3687.27,119791.79481820436,3.08
3504503,AVARÉ,SP,5,3672.3,143002.2559348349,2.57
5107040,PRIMAVERA DO LESTE,MT,6,3662.75,585883.2716830574,0.63
5203939,BURITI DE GOIÁS,GO,3,3655.75,21922.74458209608,16.68
4112900,JUNDIAÍ DO SUL,PR,3,3647.71,38045.078959619445,9.59
5220603,SILVÂNIA,GO,4,3642.68,255447.62638361583,1.43
3108909,BRAZÓPOLIS,MG,1,3641.36,42977.69706937636,8.47
3141801,MINAS NOVAS,MG,2,3640.14,198596.873966118,1.83
3136603,NOVA UNIÃO,MG,6,3639.6600000000003,19366.113804325403,18.79
2803401,JAPOATÃ,SE,8,3604.5600000000004,41540.83332808405,8.68
4119954,PONTAL DO PARANÁ,PR,4,3602.04,24647.602273356464,14.61
4319737,SÃO VALÉRIO DO SUL,RS,1,3599.8,13694.517586143038,26.29
3528700,MARABÁ PAULISTA,SP,2,3592.09,106924.25434810988,3.36
5212956,MATRINCHÃ,GO,2,3583.21,123545.1592577234,2.9
1502400,CASTANHAL,PA,6,3582.41,102856.14302321503,3.48
3500709,AGUDOS,SP,7,3580.2200000000003,113126.58730718408,3.16
2805703,PROPRIÁ,SE,4,3577.7200000000003,9932.510037035045,36.02
1703107,BARROLÂNDIA,TO,3,3576.81,71785.33574358084,4.98
3300225,AREAL,RJ,8,3567.51,12894.887930700794,27.67
1100601,CACAULÂNDIA,RO,3,3567.19,202434.73251958963,1.76
2208650,QUEIMADA NOVA,PI,3,3565.84,131036.89072706447,2.72
2708204,SÃO BRÁS,AL,4,3562.27,14318.331279116732,24.88
2909208,CORONEL JOÃO SÁ,BA,2,3555.16,82249.68554408442,4.32
3169208,TOMBOS,MG,1,3550.92,32594.911370468973,10.89
2910859,FILADÉLFIA,BA,2,3543.8999999999996,59961.00376062267,5.91
4203303,CAMPO ALEGRE,SC,1,3533.38,61887.97575445772,5.71
3306008,TRÊS RIOS,RJ,8,3532.84,37539.499286706945,9.41
3150539,PINGO-D'ÁGUA,MG,3,3527.24,7499.704847180028,47.03
2705804,OLHO D'ÁGUA DO CASADO,AL,6,3521.0499999999997,33626.142639673744,10.47
5100102,ACORIZAL,MT,3,3518.82,91184.70018786103,3.86
2606507,IATI,PE,6,3517.91,65069.59092704495,5.41
2910404,ENCRUZILHADA,BA,3,3517.2,203393.2820358171,1.73
2304954,GUAIÚBA,CE,3,3513.03,25704.958579570175,13.67
5107750,SALTO DO CÉU,MT,2,3511.74,187705.04227925598,1.87
4200408,ÁGUA DOCE,SC,7,3507.61,166147.17339922118,2.11
2303956,CHOROZINHO,CE,5,3505.29,29773.699321723223,11.77
3539400,PIRATININGA,SP,5,3499.8199999999997,46991.348820799634,7.45
3507506,BOTUCATU,SP,4,3499.6099999999997,174238.9564937378,2.01
2606804,IGARASSU,PE,7,3487.66,31224.703561072005,11.17
5007109,RIBAS DO RIO PARDO,MS,3,3481.11,1972203.8405617026,0.18
4208708,JACINTO MACHADO,SC,1,3477.95,56141.99557008854,6.19
4122172,RIO BRANCO DO IVAÍ,PR,1,3468.79,45438.49678510468,7.63
1502608,COLARES,PA,1,3464.07,38369.661191342224,9.03
3201209,CACHOEIRO DE ITAPEMIRIM,ES,5,3463.39,98687.03951048793,3.51
2913200,IBOTIRAMA,BA,2,3461.83,181654.5687347269,1.91
2202059,CABECEIRAS DO PIAUÍ,PI,2,3446.8,61163.19945490302,5.64
4316972,SANTA MARGARIDA DO SUL,RS,2,3442.1000000000004,127962.34019012838,2.69
2105708,LAGO DA PEDRA,MA,4,3432.1499999999996,124740.96091942542,2.75
3518107,GUARANTÃ,SP,2,3428.6,53533.810670936495,6.4
2515005,SÃO MIGUEL DE TAIPU,PB,8,3428.47,9378.107138023222,36.56
2514008,SÃO JOÃO DO CARIRI,PB,1,3427.89,62261.777242228505,5.51
3149309,PEDRO LEOPOLDO,MG,4,3426.91,32945.29441281024,10.4
2933406,WAGNER,BA,4,3423.19,54609.42996455845,6.27
2924678,PIRAÍ DO NORTE,BA,2,3422.31,20478.070314902063,16.71
2600708,ALIANÇA,PE,9,3421.75,27726.406296629335,12.34
2707602,QUEBRANGULO,AL,4,3402.53,32795.55692339361,10.37
4301602,BAGÉ,RS,3,3402.38,557817.3863504215,0.61
5001243,ARAL MOREIRA,MS,2,3401.34,194486.45236999556,1.75
3540903,PRADÓPOLIS,SP,1,3398.17,19253.38290326567,17.65
5212204,JUSSARA,GO,3,3396.6099999999997,440325.9168780137,0.77
3523503,ITATINGA,SP,2,3393.5299999999997,115640.88485553666,2.93
3147600,PASSA QUATRO,MG,4,3386.3699999999994,32363.57354691635,10.46
2607604,ILHA DE ITAMARACÁ,PE,4,3383.31,6728.490842739923,50.28
3300407,BARRA MANSA,RJ,11,3382.63,63965.73265445862,5.29
2110609,SÃO BERNARDO,MA,2,3377.31,100796.11340059215,3.35
3157658,SANTA HELENA DE MINAS,MG,1,3375.75,30142.03186733175,11.2
2309706,PACATUBA,CE,5,3373.89,13369.291770976486,25.24
2610806,PEDRA,PE,6,3362.25,94278.70567059059,3.57
3300308,BARRA DO PIRAÍ,RJ,5,3342.98,68268.48929606423,4.9
2908408,CONCEIÇÃO DO COITÉ,BA,1,3334.18,105589.914840693,3.16
2300200,ACARAÚ,CE,5,3321.58,84369.84218991651,3.94
4300034,ACEGUÁ,RS,4,3318.3599999999997,213612.42343602807,1.55
2408805,PARAZINHO,RN,7,3318.05,23268.892624902022,14.26
2304350,FORQUILHA,CE,4,3309.55,57061.015683509555,5.8
3552551,SUZANÁPOLIS,SP,1,3309.14,37590.454637675706,8.8
2615607,TRINDADE,PE,2,3305.45,30081.081205921597,10.99
2308906,MORRINHOS,CE,4,3299.41,41245.84747064112,8.0
3108206,BONFINÓPOLIS DE MINAS,MG,2,3296.3199999999997,200905.8953249593,1.64
3305208,SÃO PEDRO DA ALDEIA,RJ,6,3295.1800000000003,39030.72649952885,8.44
2208551,PORTO ALEGRE DO PIAUÍ,PI,1,3293.19,118387.5846091804,2.78
5003751,ELDORADO,MS,5,3291.8900000000003,120589.57050560524,2.73
2308807,MORAÚJO,CE,2,3282.7700000000004,41544.76171948524,7.9
2208874,RIBEIRA DO PIAUÍ,PI,1,3279.48,103074.82869012056,3.18
5218607,RIALMA,GO,1,3270.83,28799.85073084108,11.36
4320107,SARANDI,RS,8,3255.1,44945.67609219863,7.24
2700102,ÁGUA BRANCA,AL,7,3254.15,48578.13465886908,6.7
3513009,COTIA,SP,1,3254.06,38539.52891053993,8.44
3118601,CONTAGEM,MG,2,3249.54,21977.750999985572,14.79
1704600,CHAPADA DE AREIA,TO,3,3245.85,67877.61888346713,4.78
2605905,GAMELEIRA,PE,4,3244.43,26333.616290370395,12.32
3202009,DORES DO RIO PRETO,ES,2,3233.6,18151.668896324994,17.81
2611507,QUIPAPÁ,PE,4,3229.31,23586.753875470404,13.69
3127388,GOIANÁ,MG,1,3228.13,17539.335923456194,18.41
2510808,PATOS,PB,4,3226.94,47938.390159234405,6.73
5006408,PEDRO GOMES,MS,1,3223.08,391794.9813792989,0.82
5002951,CHAPADÃO DO SUL,MS,3,3218.92,363077.2009671693,0.89
3205002,SERRA,ES,8,3216.7799999999997,61994.92221225604,5.19
4102307,BALSA NOVA,PR,1,3213.97,42741.42547955965,7.52
4219200,VIDAL RAMOS,SC,4,3213.33,43889.71025608613,7.32
2927606,SANTA BRÍGIDA,BA,5,3204.79,96080.91839160127,3.34
5209606,HEITORAÍ,GO,6,3199.34,24636.335034401684,12.99
1500131,ABEL FIGUEIREDO,PA,5,3197.7000000000003,61795.40142250063,5.17
2803609,LARANJEIRAS,SE,2,3189.04,16794.056574755316,18.99
4111555,IVATÉ,PR,1,3181.48,48552.691198923654,6.55
5108956,NOVA MONTE VERDE,MT,1,3174.9,529070.5733293742,0.6
4204558,CORREIA PINTO,SC,2,3173.3599999999997,82209.66217338726,3.86
5103601,DOM AQUINO,MT,5,3133.77,235114.2198794792,1.33
3170438,UNIÃO DE MINAS,MG,2,3129.37,128732.55254207659,2.43
1702901,AXIXÁ DO TOCANTINS,TO,10,3125.01,15484.527778234225,20.18
2302008,BARRO,CE,1,3122.11,72151.555475204,4.33
1705508,COLINAS DO TOCANTINS,TO,8,3120.13,85830.186818494,3.64
1713700,MONTE SANTO DO TOCANTINS,TO,4,3115.7700000000004,110471.53414323146,2.82
3170750,VARJÃO DE MINAS,MG,2,3114.14,72279.99020045123,4.31
2311231,POTIRETAMA,CE,4,3105.05,41275.78487934701,7.52
2917334,IUIU,BA,3,3102.3099999999995,163207.19387761716,1.9
4110904,ITAGUAJÉ,PR,4,3095.3199999999997,22772.43004365111,13.59
3123809,ENGENHEIRO NAVARRO,MG,2,3071.75,66609.1625191616,4.61
2307700,MARANGUAPE,CE,5,3062.06,58564.076281108966,5.23
2514602,SÃO JOSÉ DO BONFIM,PB,2,3061.79,15584.127850300009,19.65
2501104,AREIA,PB,11,3057.4,27277.22551877231,11.21
3136009,JOAÍMA,MG,2,3031.46,181212.83375502354,1.67
2610608,PAUDALHO,PE,6,3021.95,27448.348337757594,11.01
3507902,BROTAS,SP,4,3020.85,128335.15733390086,2.35
5212501,LUZIÂNIA,GO,2,3015.76,430146.6587138607,0.7
2613008,SÃO BENTO DO UNA,PE,7,3015.25,73439.94476744405,4.11
2110104,SANTA QUITÉRIA DO MARANHÃO,MA,2,3009.5299999999997,143345.3648944769,2.1
2605202,ESCADA,PE,8,3005.85,34909.05156166388,8.61
2807402,TOBIAS BARRETO,SE,7,3003.92,106212.34543858637,2.83
4100905,AMAPORÃ,PR,4,3003.51,45390.68525148406,6.62
3122470,DOM BOSCO,MG,2,3002.76,88976.07252992535,3.37
2201606,BENEDITINOS,PI,2,2984.6099999999997,94458.67903921285,3.16
5208301,DIVINÓPOLIS DE GOIÁS,GO,3,2979.2200000000003,87354.80277179896,3.41
4202057,BALNEÁRIO BARRA DO SUL,SC,2,2960.8,13551.716348244447,21.85
2613404,SÃO JOSÉ DA COROA GRANDE,PE,10,2958.69,7077.067041358558,41.81
3514403,DRACENA,SP,2,2955.18,56261.002390096495,5.25
2406403,LAGOA DE VELHOS,RN,2,2948.5099999999998,11270.100021593174,26.16
5106455,PLANALTO DA SERRA,MT,3,2948.34,259847.38913219605,1.13
3165909,SENADOR MODESTINO GONÇALVES,MG,4,2941.28,104892.02074530453,2.8
3512100,COLÔMBIA,SP,3,2936.73,82633.35059037169,3.55
2207751,PASSAGEM FRANCA DO PIAUÍ,PI,1,2934.7,64920.28132645881,4.52
4118808,PEABIRU,PR,3,2933.83,55958.808506688794,5.24
2921203,MIGUEL CALMON,BA,1,2931.98,166250.57780136203,1.76
2707305,PORTO CALVO,AL,5,2922.9,32115.508248504095,9.1
5211800,JARAGUÁ,GO,1,2920.35,199169.67683910418,1.47
3301207,CARMO,RJ,4,2909.84,35437.313316754924,8.21
2605152,DORMENTES,PE,7,2903.6,157124.20114723695,1.85
2412609,SÃO PAULO DO POTENGI,RN,6,2903.17,24270.83702424846,11.96
1701002,ANANÁS,TO,11,2902.11,159785.8974254264,1.82
1703883,CARMOLÂNDIA,TO,2,2901.17,34409.75147908861,8.43
4115002,MARILENA,PR,5,2900.79,27255.022814469605,10.64
2901353,ANDORINHA,BA,1,2897.91,140521.37346487,2.06
3137601,LAGOA SANTA,MG,3,2887.92,25845.406198820732,11.17
3301157,CARDOSO MOREIRA,RJ,3,2887.79,60262.371379983924,4.79
3554805,TREMEMBÉ,SP,3,2872.3599999999997,22482.639336922966,12.78
2707107,PIRANHAS,AL,8,2866.58,41479.624422665176,6.91
2701100,BRANQUINHA,AL,8,2861.88,17253.994894009484,16.59
3158201,SANTA MARIA DO SUAÇUÍ,MG,2,2857.96,69068.14389767229,4.14
3136702,JUIZ DE FORA,MG,5,2857.51,166063.57487610856,1.72
4126306,SENGÉS,PR,4,2854.8,173203.93137698434,1.65
3112703,CAPITÃO ENÉAS,MG,3,2853.91,105109.11163755569,2.72
4106902,CURITIBA,PR,3,2845.64,53280.19694021111,5.34
2301257,ARARENDÁ,CE,2,2842.42,34425.511438216345,8.26
2305266,IBARETAMA,CE,2,2839.4,88428.80486254104,3.21
2203230,CURRAIS,PI,2,2825.91,322831.51905414107,0.88
4316600,SANANDUVA,RS,3,2823.4700000000003,64488.39254914071,4.38
2616209,VERTENTES,PE,1,2822.63,19982.809241654293,14.13
2409803,PEDRO VELHO,RN,5,2822.2200000000003,19493.1093343907,14.48
2414506,UMARIZAL,RN,2,2811.46,25202.75345946251,11.16
2905503,CALDEIRÃO GRANDE,BA,2,2797.3900000000003,47506.48077162579,5.89
2100105,AFONSO CUNHA,MA,2,2789.96,37329.83401729546,7.47
3534807,OURO VERDE,SP,1,2785.7,30756.69492881196,9.06
5220686,SIMOLÂNDIA,GO,2,2777.7400000000002,36918.273891285666,7.52
3521101,IPEÚNA,SP,4,2774.7200000000003,22188.04967119827,12.51
2924603,PINDOBAÇU,BA,1,2766.66,51288.8849691259,5.39
2313609,UBAJARA,CE,4,2765.09,42507.795129493425,6.5
5006309,PARANAÍBA,MS,1,2761.31,601368.7558931041,0.46
2806701,SÃO CRISTÓVÃO,SE,6,2759.21,45381.26921568749,6.08
2932606,URANDI,BA,1,2753.43,96325.17236336919,2.86
2207009,OEIRAS,PI,4,2731.4700000000003,273992.1008997925,1.0
2110708,SÃO DOMINGOS DO MARANHÃO,MA,1,2724.44,116171.91630052944,2.35
2401305,CAMPO GRANDE,RN,2,2721.04,89919.40510495752,3.03
5104500,INDIAVAÍ,MT,2,2700.75,63598.34739932847,4.25
3119302,COROMANDEL,MG,3,2699.5699999999997,367366.48761879257,0.73
3300902,CAMBUCI,RJ,1,2695.42,64352.1356399865,4.19
3304128,QUATIS,RJ,6,2687.96,33227.45696056631,8.09
4208302,ITAPEMA,SC,1,2671.35,7327.394405758596,36.46
3301801,ENGENHEIRO PAULO DE FRONTIN,RJ,2,2668.98,16295.694790238094,16.38
4305801,CONSTANTINA,RS,1,2665.7,25899.701653468124,10.29
3518503,GUAREÍ,SP,3,2659.59,67240.39600384809,3.96
2615300,TIMBAÚBA,PE,2,2646.15,29232.79295885167,9.05
2509107,MARI,PB,3,2644.7200000000003,15742.383813227701,16.8
3161106,SÃO FRANCISCO,MG,2,2642.8199999999997,357030.6984107994,0.74
4304655,CAPÃO DO CIPÓ,RS,3,2634.7200000000003,131276.29986690902,2.01
3531605,MONTE CASTELO,SP,1,2632.46,26832.240067614697,9.81
2304400,FORTALEZA,CE,10,2631.93,31333.195292904205,8.4
4200051,ABDON BATISTA,SC,1,2620.04,30154.375332526834,8.69
4307401,ESMERALDA,RS,1,2616.43,106200.92031804055,2.46
3508009,BURI,SP,2,2610.79,142488.09108922334,1.83
3140407,MARMELÓPOLIS,MG,1,2608.07,12607.190300813463,20.69
2605608,FLORES,PE,3,2606.61,101357.3155072678,2.57
3106200,BELO HORIZONTE,MG,10,2605.0099999999998,37404.3701590549,6.96
4311734,MAMPITUBA,RS,1,2602.81,20525.647922502343,12.68
2509404,MOGEIRO,PB,4,2600.88,21731.50322189435,11.97
3138609,LIMA DUARTE,MG,2,2599.67,98220.91835621666,2.65
1504422,MARITUBA,PA,3,2596.2,10314.974912279476,25.17
2403509,ESPÍRITO SANTO,RN,8,2596.1800000000003,13731.971394601604,18.91
4122008,RIO AZUL,PR,1,2591.45,73624.58371580277,3.52
3554607,TIMBURI,SP,1,2590.63,23240.189988064598,11.15
2611200,POÇÃO,PE,5,2584.97,20912.19941824242,12.36
1703701,BREJINHO DE NAZARÉ,TO,8,2582.8,178544.35857118084,1.45
4212205,PAPANDUVA,SC,2,2578.75,95246.27852015769,2.71
2610509,PASSIRA,PE,7,2578.58,33324.61113470049,7.74
2406700,LAJES,RN,3,2570.1600000000003,68249.6354385651,3.77
5217104,PIRACANJUBA,GO,4,2552.0,260079.51575142113,0.98
4103107,BOCAIÚVA DO SUL,PR,1,2550.61,100468.06492872123,2.54
5000856,ANGÉLICA,MS,2,2547.73,149126.89209411442,1.71
2409332,SANTA MARIA,RN,4,2540.7200000000003,22154.61566762325,11.47
2801108,CANHOBA,SE,2,2538.21,17682.5291533527,14.35
2611309,POMBOS,PE,4,2537.3599999999997,20702.256146400385,12.26
3203502,MONTANHA,ES,4,2526.71,121475.62138029395,2.08
2313559,TURURU,CE,3,2526.2499999999995,19770.67373043414,12.78
2302107,BATURITÉ,CE,3,2524.99,31552.605408301086,8.0
1720903,TAGUATINGA,TO,1,2521.14,245117.4405123436,1.03
4204806,CURITIBANOS,SC,4,2511.07,119977.70118494148,2.09
3148103,PATROCÍNIO,MG,2,2510.2,320785.3199033147,0.78
3202207,FUNDÃO,ES,6,2507.42,32407.884608253997,7.74
1101559,TEIXEIRÓPOLIS,RO,5,2506.2799999999997,47644.24356744657,5.26
4109906,ICARAÍMA,PR,6,2504.87,79955.7055466044,3.13
2408706,PARAÚ,RN,3,2501.3599999999997,38664.74725718072,6.47
3149150,PEDRAS DE MARIA DA CRUZ,MG,2,2501.16,164221.4333275534,1.52
3146305,PADRE PARAÍSO,MG,4,2501.15,59443.89329376185,4.21
2513604,SANTANA DOS GARROTES,PB,1,2494.87,36707.58860145663,6.8
2806602,SANTO AMARO DAS BROTAS,SE,5,2491.5099999999998,24519.10769707205,10.16
3509106,CAIUÁ,SP,2,2489.15,63798.55860749389,3.9
5208707,GOIÂNIA,GO,3,2488.94,79307.49046133655,3.14
3502002,ANALÂNDIA,SP,4,2488.04,37899.111690843456,6.56
3531209,MONTE ALEGRE DO SUL,SP,1,2486.43,12933.243690223164,19.23
2616100,VERDEJANTE,PE,3,2483.74,48473.61040983146,5.12
2206100,MATIAS OLÍMPIO,PI,2,2480.12,22745.557559690475,10.9
4108403,FRANCISCO BELTRÃO,PR,1,2470.39,90844.58829473455,2.72
2516706,TEIXEIRA,PB,3,2465.12,15775.688004261901,15.63
4202305,BIGUAÇU,SC,6,2458.98,46309.047306710105,5.31
4123501,SANTA HELENA,PR,4,2458.93,91495.4773548447,2.69
2701605,CANAPI,AL,1,2458.35,61553.198135663355,3.99
2109908,SANTA INÊS,MA,5,2457.72,78931.73245212816,3.11
2919058,LAJEDO DO TABOCAL,BA,3,2452.61,40423.60296808099,6.07
2109452,RAPOSA,MA,3,2452.0,7925.979650702605,30.94
4304408,CANELA,RS,2,2449.8,33207.46202811825,7.38
2902906,BARRA DO CHOÇA,BA,3,2445.16,81890.5288036278,2.99
4108502,GENERAL CARNEIRO,PR,4,2444.49,133343.6925875954,1.83
3105103,BAMBUÍ,MG,1,2442.25,164771.48391568984,1.48
2310209,PARACURU,CE,3,2440.0499999999997,30548.64228771335,7.99
3515400,FARTURA,SP,1,2439.31,50831.01822343079,4.8
2111631,SÃO RAIMUNDO DO DOCA BEZERRA,MA,3,2439.02,42233.2271034943,5.78
3171709,VIRGÍNIA,MG,1,2434.65,38083.59725976013,6.39
3141405,MEDINA,MG,1,2433.87,155552.2193463172,1.56
3163003,SÃO JOSÉ DA SAFIRA,MG,2,2432.38,23687.831150775277,10.27
3526605,LAVRINHAS,SP,2,2432.36,19536.053207564233,12.45
2208502,PORTO,PI,3,2431.83,25400.32225393396,9.57
2702702,FELIZ DESERTO,AL,2,2421.27,11352.603350100433,21.33
3106606,BERTÓPOLIS,MG,1,2418.94,46683.23403323189,5.18
3169604,TUPACIGUARA,MG,1,2408.72,202358.59023580738,1.19
3541901,QUELUZ,SP,2,2402.83,29156.768268516757,8.24
2613602,SÃO JOSÉ DO EGITO,PE,4,2401.2,78650.83674861916,3.05
3202801,ITAPEMIRIM,ES,3,2399.0299999999997,63026.3882807049,3.81
2204154,FRANCISCO MACEDO,PI,1,2393.25,18196.33206046708,13.15
2606408,GRAVATÁ,PE,9,2378.09,51719.88223171087,4.6
3556354,VARGEM,SP,1,2375.76,16764.10943729659,14.17
2200608,ANGICAL DO PIAUÍ,PI,2,2375.5499999999997,22426.009080707903,10.59
5210901,ITAPACI,GO,2,2372.3999999999996,101918.2977391837,2.33
2704708,MARECHAL DEODORO,AL,1,2369.92,35049.11898547249,6.76
4121109,QUINTA DO SOL,PR,2,2365.77,38890.88988517698,6.08
2615201,TERRA NOVA,PE,2,2355.48,32482.138868639904,7.25
2707503,PORTO REAL DO COLÉGIO,AL,4,2353.63,24422.338443699064,9.64
4104501,CAPANEMA,PR,1,2338.85,51377.105913351195,4.55
3547502,SANTA RITA DO PASSA QUATRO,SP,3,2338.8199999999997,87150.34970176933,2.68
2111573,SÃO PEDRO DOS CRENTES,MA,3,2338.5699999999997,99227.3970905934,2.36
2609303,MIRANDIBA,PE,5,2337.35,83743.62692675075,2.79
3547007,SANTA MARIA DA SERRA,SP,3,2335.91,29559.05366818806,7.9
2205557,LAGOA ALEGRE,PI,2,2334.8,39614.1992133974,5.89
3537008,PEDREGULHO,SP,2,2331.02,80750.46985326805,2.89
3200136,ÁGUIA BRANCA,ES,3,2329.02,50717.36437059196,4.59
2400802,ANGICOS,RN,2,2326.07,74789.0873751019,3.11
2510907,PAULISTA,PB,2,2302.65,58441.024904719125,3.94
3202306,GUAÇUÍ,ES,3,2293.13,53438.59733461789,4.29
2507309,JACARAÚ,PB,7,2288.36,25994.189451009635,8.8
3520202,IGARATÁ,SP,2,2285.18,34565.394154421,6.61
5220157,SÃO LUIZ DO NORTE,GO,3,2281.6899999999996,62421.490468228505,3.66
2607109,INGAZEIRA,PE,3,2279.63,24800.10953914343,9.19
5209200,GUAPÓ,GO,2,2279.43,56071.3856987203,4.07
1506104,PRIMAVERA,PA,2,2278.31,25908.77367400488,8.79
4216701,SÃO JOSÉ DO CEDRO,SC,4,2276.27,34954.592391281825,6.51
2312809,SENADOR SÁ,CE,4,2269.79,42550.39392899811,5.33
1720002,SANTA TEREZINHA DO TOCANTINS,TO,1,2269.4,27727.4522568786,8.18
2932200,UBAITABA,BA,5,2268.69,19250.08203164723,11.79
4106506,CORONEL VIVIDA,PR,3,2258.21,84474.18069384132,2.67
3514106,DOIS CÓRREGOS,SP,3,2253.39,73884.96204260377,3.05
1703057,BANDEIRANTES DO TOCANTINS,TO,3,2242.06,156814.73400947358,1.43
4209607,LAURO MÜLLER,SC,1,2241.17,35027.16072203095,6.4
2901809,ANTÔNIO GONÇALVES,BA,2,2234.63,35686.851197074146,6.26
4104659,CARAMBEÍ,PR,1,2230.56,78769.23097278709,2.83
2801702,CRISTINÁPOLIS,SE,6,2225.17,23763.543650809752,9.36
2500809,ARAÇAGI,PB,3,2221.42,23523.12824469453,9.44
4104253,CAMPO MAGRO,PR,1,2217.22,33600.23958756668,6.6
2800605,BARRA DOS COQUEIROS,SE,3,2213.0,9552.019317652055,23.17
4211603,NOVA VENEZA,SC,1,2210.14,38233.96892250126,5.78
2703502,JACUÍPE,AL,5,2204.4700000000003,21447.804169736173,10.28
5003454,DEODÁPOLIS,MS,1,2197.58,96373.07361247574,2.28
2512002,POCINHOS,PB,3,2186.57,63271.513868125454,3.46
2611804,RIBEIRÃO,PE,3,2185.89,29563.91835648185,7.39
1711100,ITAPORÃ DO TOCANTINS,TO,6,2184.3,98986.88239982328,2.21
2413706,SÍTIO NOVO,RN,2,2184.1099999999997,21560.61630898034,10.13
5200258,ÁGUAS LINDAS DE GOIÁS,GO,2,2183.75,20673.331584758107,10.56
4126652,SULINA,PR,1,2180.21,20976.62631377786,10.39
5208103,FORMOSO,GO,2,2178.13,89229.79612660434,2.44
2703759,JEQUIÁ DA PRAIA,AL,1,2173.66,34435.83774819594,6.31
3516408,FRANCO DA ROCHA,SP,2,2172.17,15707.952570663429,13.83
2804458,NOSSA SENHORA APARECIDA,SE,2,2168.83,35173.94332563079,6.17
3503901,ARUJÁ,SP,2,2165.95,11389.32360910366,19.02
4217303,SAUDADES,SC,1,2165.8,25806.514979327076,8.39
3128600,GUARDA-MOR,MG,1,2160.64,227616.65778911658,0.95
2602308,BONITO,PE,7,2158.41,40084.21861238087,5.38
2516003,SOLÂNEA,PB,5,2156.35,23600.174857233138,9.14
2930907,TABOCAS DO BREJO VELHO,BA,1,2155.34,150530.91931810428,1.43
4301875,BARRA DO QUARAÍ,RS,1,2147.54,140814.2835906536,1.53
2607901,JABOATÃO DOS GUARARAPES,PE,10,2146.59,26367.801207611043,8.14
2205250,JARDIM DO MULATO,PI,1,2146.11,51546.9881955206,4.16
5214507,NERÓPOLIS,GO,3,2143.49,22211.840446703303,9.65
2303659,CATUNDA,CE,4,2139.34,78817.44799543078,2.71
2913002,IBITIARA,BA,1,2134.11,192233.9131559289,1.11
3155108,RIO DO PRADO,MG,1,2133.92,52195.4727944893,4.09
2929206,SÃO FRANCISCO DO CONDE,BA,2,2132.04,28289.296148644316,7.54
5219357,SANTA ISABEL,GO,3,2130.13,87172.16242796503,2.44
3133303,ITAOBIM,MG,1,2126.77,73794.33733157518,2.88
5003157,CORONEL SAPUCAIA,MS,3,2126.2999999999997,121174.08386235657,1.75
2110302,SANTO ANTÔNIO DOS LOPES,MA,2,2124.58,77543.96017725577,2.74
2300903,APUIARÉS,CE,4,2123.1,54591.96581311806,3.89
4210209,MAJOR GERCINO,SC,2,2121.83,38746.73900191384,5.48
5204003,CABECEIRAS,GO,5,2121.11,121408.54947218855,1.75
3200409,ANCHIETA,ES,3,2120.8199999999997,46734.65354515634,4.54
3116902,COMENDADOR GOMES,MG,1,2118.05,117179.40705486524,1.81
4105508,CIANORTE,PR,1,2105.28,96626.02728732003,2.18
2616407,VITÓRIA DE SANTO ANTÃO,PE,6,2103.02,38045.15776144962,5.53
5212808,MARA ROSA,GO,2,2102.13,179793.58393535408,1.17
5212006,JAUPACI,GO,2,2100.54,57236.87416637702,3.67
1718402,PRESIDENTE KENNEDY,TO,4,2099.73,78772.80098588287,2.67
2405405,JAPI,RN,2,2097.23,19114.39669092749,10.97
3156601,RUBIM,MG,1,2097.1,104763.97799177057,2.0
5201108,ANÁPOLIS,GO,1,2088.64,101382.11867107224,2.06
3509205,CAJAMAR,SP,3,2085.84,15552.27231518338,13.41
3537800,PIEDADE,SP,2,2083.85,88992.79399388912,2.34
1702307,ARAPOEMA,TO,3,2080.51,158468.4406433952,1.31
2501708,BARRA DE SÃO MIGUEL,PB,2,2078.2,62001.76997655697,3.35
3142106,MIRADOURO,MG,1,2077.85,34471.95473475773,6.03
2925105,POÇÕES,BA,3,2073.96,99928.18805071274,2.08
2206407,MONSENHOR GIL,PI,1,2069.75,57261.07460496069,3.61
2608701,LAGOA DOS GATOS,PE,4,2061.86,22987.971302101996,8.97
2912103,IBICARAÍ,BA,4,2061.09,24677.930912099248,8.35
2601052,ARAÇOIABA,PE,3,2054.62,9803.407701878657,20.96
2108504,PINDARÉ-MIRIM,MA,5,2053.45,26906.94108623054,7.63
3172202,WENCESLAU BRAZ,MG,1,2046.45,11990.295330168856,17.07
3524402,JACAREÍ,SP,1,2043.72,54913.282707171034,3.72
3106705,BETIM,MG,9,2039.27,38862.42923436068,5.25
3152600,POUSO ALTO,MG,2,2035.4899999999998,30606.882935490965,6.65
3541505,PRESIDENTE VENCESLAU,SP,1,2013.48,87406.9438080943,2.3
3303104,NATIVIDADE,RJ,7,2005.21,44343.715802658066,4.52
5215652,PALESTINA DE GOIÁS,GO,3,2003.8799999999999,143422.35346618312,1.4
2911709,GUANAMBI,BA,2,2003.8200000000002,135169.99031828364,1.48
4121901,RIBEIRÃO DO PINHAL,PR,3,2002.88,44422.034957192096,4.51
2903607,BIRITINGA,BA,3,2001.42,57618.49385763178,3.47
3541109,PRESIDENTE ALVES,SP,5,1997.05,33328.953006749245,5.99
4204905,DESCANSO,SC,1,1997.04,35974.67656387256,5.55
2105807,LAGO DO JUNCO,MA,4,1996.7,33016.82314081983,6.05
3129608,IBIAÍ,MG,1,1995.08,95309.92884278201,2.09
3519600,IBITINGA,SP,2,1992.55,79789.57543368028,2.5
4206652,GUATAMBÚ,SC,3,1992.1599999999999,25959.135827440463,7.67
3543402,RIBEIRÃO PRETO,SP,4,1989.43,74739.3546711628,2.66
3508504,CAÇAPAVA,SP,2,1989.28,43517.008426383065,4.57
5219704,SANTA TEREZINHA DE GOIÁS,GO,3,1987.1,128318.14860018945,1.55
5217302,PIRENÓPOLIS,GO,2,1986.79,237276.39520230627,0.84
5219308,SANTA HELENA DE GOIÁS,GO,4,1986.55,125780.96983334646,1.58
3201407,CASTELO,ES,2,1983.4899999999998,75524.0278120038,2.63
2706406,PÃO DE AÇÚCAR,AL,4,1962.62,70788.56307240594,2.77
3504909,BANANAL,SP,4,1957.52,72305.29877288266,2.71
2516102,SOLEDADE,PB,1,1957.11,58637.803766534686,3.34
2514206,SÃO JOSÉ DA LAGOA TAPADA,PB,4,1951.25,33822.9100139153,5.77
2203354,DIRCEU ARCOVERDE,PI,1,1949.82,103128.90500732772,1.89
2412401,SÃO JOSÉ DO SERIDÓ,RN,1,1949.26,17653.291470145556,11.04
2408300,NOVA CRUZ,RN,2,1947.75,28049.83332148115,6.94
3526001,JUNQUEIRÓPOLIS,SP,1,1941.04,67107.51454035052,2.89
2900108,ABAÍRA,BA,2,1938.31,56787.47016027439,3.41
2403806,FLORÂNIA,RN,3,1938.1100000000001,51316.662495706565,3.78
3300209,ARARUAMA,RJ,6,1928.21,74891.37579604259,2.57
2601201,ARCOVERDE,PE,4,1923.95,35091.667458323696,5.48
2412302,SÃO JOSÉ DO CAMPESTRE,RN,2,1919.94,34482.91305307874,5.57
2915809,ITAMBÉ,BA,2,1915.2199999999998,164445.52911413214,1.16
2614204,SIRINHAÉM,PE,2,1914.78,38230.57175312325,5.01
2506905,ITABAIANA,PB,9,1912.81,21379.159650129615,8.95
5204854,CAMPO LIMPO DE GOIÁS,GO,1,1911.27,16914.53897681504,11.3
3169109,TOLEDO,MG,1,1908.72,16036.86513483529,11.9
2206696,MURICI DOS PORTELAS,PI,2,1901.33,47676.77608577249,3.99
2309409,NOVO ORIENTE,CE,1,1900.86,96230.96082912589,1.98
2929750,SAUBARA,BA,3,1895.1499999999999,17471.659120154407,10.85
2910057,DIAS D'ÁVILA,BA,4,1894.21,19264.7565338938,9.83
5206602,CUMARI,GO,1,1887.82,62950.21174071072,3.0
2307650,MARACANAÚ,CE,7,1882.3799999999999,10543.527085180966,17.85
2407500,MAXARANGUAPE,RN,10,1875.31,13316.35203664682,14.08
2505006,CUBATI,PB,3,1871.7,16572.123631263257,11.29
2310001,PALHANO,CE,3,1870.6999999999998,43939.37198554777,4.26
3205309,VITÓRIA,ES,12,1867.33,11019.656887860305,16.95
2310506,PEDRA BRANCA,CE,5,1866.8799999999999,133937.8207294489,1.39
2312403,SÃO GONÇALO DO AMARANTE,CE,2,1865.4199999999998,84496.4211865843,2.21
2605459,FERNANDO DE NORONHA,PE,2,1861.33,1867.0764135708139,99.69
4217402,SCHROEDER,SC,2,1860.86,20531.981320729545,9.06
5221452,TROMBAS,GO,4,1859.2499999999998,84728.94075159729,2.19
2300804,ANTONINA DO NORTE,CE,2,1855.43,26300.731232901642,7.05
3138708,LUMINÁRIAS,MG,1,1853.2,57682.99711484576,3.21
4300851,ARAMBARÉ,RS,4,1845.0,70198.47672348791,2.63
3139003,MACHADO,MG,1,1841.88,67699.24822816192,2.72
2305803,IPU,CE,1,1837.62,62891.9501299612,2.92
4311718,MAÇAMBARÁ,RS,1,1835.98,219637.06213977237,0.84
3111507,CAMPOS ALTOS,MG,2,1821.02,79923.11470475105,2.28
4301800,BARRACÃO,RS,1,1816.8,65608.46015278003,2.77
2802700,ILHA DAS FLORES,SE,3,1806.88,5440.952813890584,33.21
3155702,RIO PIRACICABA,MG,1,1801.79,42145.84446465829,4.28
2807501,TOMAR DO GERU,SE,4,1800.92,31669.81673705828,5.69
2707404,PORTO DE PEDRAS,AL,6,1798.16,26280.83886130985,6.84
2302305,BELA CRUZ,CE,4,1790.95,84346.4765159074,2.12
3164100,SÃO PEDRO DO SUAÇUÍ,MG,1,1788.18,34135.4128804768,5.24
2803708,MACAMBIRA,SE,2,1783.3500000000001,14216.338979586939,12.54
2305233,HORIZONTE,CE,3,1775.35,16118.134912936574,11.01
2408953,RIO DO FOGO,RN,4,1774.92,15224.305300040152,11.66
2204709,INHUMA,PI,2,1771.57,99032.53552031996,1.79
2304459,FORTIM,CE,2,1767.02,28640.19139554751,6.17
3300233,ARMAÇÃO DOS BÚZIOS,RJ,6,1766.52,8330.552528440528,21.21
2412203,SÃO JOSÉ DE MIPIBU,RN,4,1760.88,29288.355735915662,6.01
2608602,LAGOA DO OURO,PE,1,1757.97,20491.625414867496,8.58
4207106,ILHOTA,SC,1,1754.05,31709.969149140834,5.53
2108207,PEDREIRAS,MA,2,1752.6399999999999,26319.085576533704,6.66
2614709,TACAIMBÓ,PE,4,1751.35,23218.714329700695,7.54
1718451,PUGMIL,TO,3,1747.51,41415.493388033734,4.22
2929255,SÃO GABRIEL,BA,1,1747.32,118816.32522511721,1.47
4202206,BENEDITO NOVO,SC,2,1744.7800000000002,48612.52771004264,3.59
2800100,AMPARO DO SÃO FRANCISCO,SE,2,1744.3200000000002,3677.7501672316184,47.43
4315552,RIO DOS ÍNDIOS,RS,1,1742.02,29765.281760820657,5.85
4119400,PIRAÍ DO SUL,PR,4,1737.12,162123.80469449188,1.07
4316451,SALTO DO JACUÍ,RS,6,1732.9900000000002,66271.8539138164,2.61
2303303,CARIÚS,CE,1,1732.89,104910.69187309484,1.65
4107108,DIAMANTE DO NORTE,PR,2,1730.1699999999998,28449.000489400394,6.08
3200706,ATÍLIO VIVÁCQUA,ES,1,1728.09,26649.519276206855,6.48
4110706,IRATI,PR,4,1727.76,122367.71160697586,1.41
1700301,AGUIARNÓPOLIS,TO,2,1726.76,23954.120148606013,7.21
2312700,SENADOR POMPEU,CE,3,1722.61,97123.84572008722,1.77
4320503,SERTÃO,RS,4,1720.56,56378.995080943896,3.05
4123824,SANTA LÚCIA,PR,1,1714.14,15498.33057938679,11.06
3554508,TIETÊ,SP,1,1711.94,47654.35079303094,3.59
3162252,SÃO JOÃO DA LAGOA,MG,2,1710.17,108774.78910049012,1.57
3522307,ITAPETININGA,SP,2,1701.04,212750.3331434477,0.8
2414209,TIBAU DO SUL,RN,2,1691.19,10377.438938429119,16.3
2604809,CORTÊS,PE,4,1690.75,10554.602903866678,16.02
2312601,SÃO LUÍS DO CURU,CE,3,1687.83,12321.111033286974,13.7
2922102,MUNDO NOVO,BA,2,1687.04,155652.45179657976,1.08
4120200,PORTO RICO,PR,1,1682.84,25569.668000973787,6.58
2401651,BODÓ,RN,3,1682.62,25595.70378859322,6.57
2616308,VICÊNCIA,PE,4,1678.68,23171.95359522966,7.24
4113734,LUIZIANA,PR,3,1675.72,110199.1722961418,1.52
2705002,MATA GRANDE,AL,2,1667.53,93133.77475579153,1.79
3114501,CARMÓPOLIS DE MINAS,MG,1,1667.26,45536.87082018432,3.66
3205200,VILA VELHA,ES,5,1666.45,23892.25534427761,6.97
3538303,PIQUEROBI,SP,1,1665.16,55921.90435505961,2.98
4311908,MARCELINO RAMOS,RS,1,1662.57,29087.548822143905,5.72
3156007,RIO VERMELHO,MG,1,1659.73,109185.56060146158,1.52
2512200,PRATA,PB,3,1657.9399999999998,20519.790384570682,8.08
2601508,BELÉM DE MARIA,PE,5,1654.4899999999998,7754.402397824368,21.34
3204054,PEDRO CANÁRIO,ES,1,1653.98,47932.359540677426,3.45
2309607,PACAJUS,CE,3,1652.61,25133.124515981122,6.58
2931301,TAPIRAMUTÁ,BA,3,1648.3,74518.44671477505,2.21
4302238,BOA VISTA DO INCRA,RS,4,1646.85,65547.7162807496,2.51
2500601,ALHANDRA,PB,5,1645.0,18678.619873441774,8.81
2918456,JUCURUÇU,BA,1,1644.85,158847.81269817252,1.04
2110500,SÃO BENTO,MA,1,1644.56,45753.06999838284,3.59
3536109,PARDINHO,SP,2,1642.07,24753.32002999339,6.63
4306106,CRUZ ALTA,RS,1,1635.41,176359.77297377097,0.93
2805505,POÇO VERDE,SE,7,1632.8700000000001,45672.7969542769,3.58
4206009,GOVERNADOR CELSO RAMOS,SC,1,1624.97,16133.646171922057,10.07
3519253,IARAS,SP,2,1623.78,47139.3327566226,3.44
4311130,JARI,RS,3,1621.4099999999999,111839.25179945953,1.45
3509502,CAMPINAS,SP,6,1618.05,93404.93618706906,1.73
5211305,ITARUMÃ,GO,2,1595.62,383048.13709584076,0.42
2304251,CRUZ,CE,3,1595.0300000000002,33636.83183489267,4.74
3122009,DIVINO,MG,3,1587.8899999999999,38466.27005883,4.13
2802908,ITABAIANA,SE,1,1587.32,34885.67897423879,4.55
3110707,CAMBUQUIRA,MG,1,1583.72,28541.94624933635,5.55
2607950,JAQUEIRA,PE,2,1581.63,8914.931234292128,17.74
2511608,PILÕES,PB,8,1581.12,6644.27517029356,23.8
3169703,TURMALINA,MG,1,1574.47,126194.40358229216,1.25
2704302,MACEIÓ,AL,5,1566.79,52289.90179397386,3.0
2925204,POJUCA,BA,2,1563.94,32956.0283255128,4.75
3204302,PRESIDENTE KENNEDY,ES,1,1559.6,68242.81796116586,2.29
4304713,CARAÁ,RS,3,1559.35,38990.00546590451,4.0
4215687,SANTA TEREZINHA DO PROGRESSO,SC,2,1558.09,14925.725105623376,10.44
2111672,SÃO ROBERTO,MA,1,1550.58,22827.17178643319,6.79
3141108,MATOZINHOS,MG,3,1542.37,28363.914836697273,5.44
2607752,ITAPISSUMA,PE,3,1539.41,7523.641426581302,20.46
4306973,EREBANGO,RS,3,1539.3799999999999,19485.074529788424,7.9
4205902,GASPAR,SC,1,1538.65,48511.78965404417,3.17
2703304,INHAPI,AL,3,1536.12,38140.26205107488,4.03
3143500,MORADA NOVA DE MINAS,MG,1,1534.19,231538.1595239551,0.66
4203501,CAMPO ERÊ,SC,5,1533.6599999999999,59624.17608285979,2.57
3550902,SÃO SIMÃO,SP,2,1533.4599999999998,71115.25137329014,2.16
2514453,SÃO JOSÉ DOS RAMOS,PB,3,1525.39,10213.306292163072,14.94
2705200,MESSIAS,AL,4,1522.29,11708.380637592558,13.0
1708254,TABOCÃO,TO,3,1517.5,63950.216881113374,2.37
4103040,BOA VENTURA DE SÃO ROQUE,PR,2,1513.95,73693.1042769498,2.05
3302270,JAPERI,RJ,7,1510.3899999999999,9572.83918865083,15.78
4111803,JACAREZINHO,PR,2,1507.3500000000001,71108.95459517617,2.12
5211206,ITAPURANGA,GO,2,1506.9699999999998,137826.91549101638,1.09
2804607,NOSSA SENHORA DAS DORES,SE,5,1506.24,49811.57602204579,3.02
2509396,MATURÉIA,PB,5,1504.75,8429.901879369592,17.85
2923803,PARIPIRANGA,BA,3,1504.1100000000001,45705.91029557361,3.29
2929354,SÃO JOSÉ DA VITÓRIA,BA,3,1501.63,13697.624922388122,10.96
4218251,TIMBÓ GRANDE,SC,3,1499.84,74429.98288856578,2.02
2107456,OLINDA NOVA DO MARANHÃO,MA,5,1498.17,20017.250648933237,7.48
4212007,PALMA SOLA,SC,3,1496.9,41118.09442391644,3.64
2918357,JOÃO DOURADO,BA,1,1495.23,94780.91411967388,1.58
5219407,SANTA RITA DO ARAGUAIA,GO,2,1494.9499999999998,148531.24356191402,1.01
2404200,GOIANINHA,RN,2,1492.64,19436.320170725332,7.68
3536802,PEDRA BELA,SP,1,1491.19,18613.132646280596,8.01
2504850,COXIXOLA,PB,2,1490.35,17684.326903191668,8.43
4309753,IBARAMA,RS,1,1488.83,25683.985912018463,5.8
3507753,BREJO ALEGRE,SP,3,1487.2,12129.752344325016,12.26
2208007,PICOS,PI,1,1485.33,58537.02668977475,2.54
3204500,SANTA LEOPOLDINA,ES,2,1485.22,81313.43647596636,1.83
2706109,OURO BRANCO,AL,1,1484.4,20113.990441549366,7.38
3120102,COUTO DE MAGALHÃES DE MINAS,MG,4,1481.04,53644.787299389944,2.76
2922508,NAZARÉ,BA,2,1478.02,29291.786098020762,5.05
5221908,VARJÃO,GO,2,1476.27,56522.615757993124,2.61
4112603,JARDIM OLINDA,PR,1,1474.57,15039.420209243977,9.8
2414704,VÁRZEA,RN,1,1473.01,7348.996627941244,20.04
2206720,NAZÁRIA,PI,3,1472.17,36520.468608196614,4.03
1501501,BENEVIDES,PA,2,1468.41,18770.061410956198,7.82
3205101,VIANA,ES,2,1468.28,35475.47318230607,4.14
2304004,COREAÚ,CE,2,1468.02,75244.15122266016,1.95
2512747,RIACHÃO,PB,4,1467.92,8630.235157395922,17.01
3200904,BARRA DE SÃO FRANCISCO,ES,1,1463.99,105032.44990392945,1.39
1703305,BOM JESUS DO TOCANTINS,TO,1,1448.14,135845.96261059368,1.07
5221197,TEREZÓPOLIS DE GOIÁS,GO,2,1445.89,11655.769162900306,12.4
3157278,SANTA BÁRBARA DO MONTE VERDE,MG,1,1445.08,48485.66985312545,2.98
2106755,MIRANDA DO NORTE,MA,3,1444.73,34197.92850699273,4.22
2413409,SERRA NEGRA DO NORTE,RN,2,1442.51,56915.86733362045,2.53
2507507,JOÃO PESSOA,PB,5,1433.54,21308.396610610704,6.73
2931707,TERRA NOVA,BA,1,1433.36,20226.92599900592,7.09
2207850,PAVUSSU,PI,3,1430.93,111044.64741660743,1.29
4218350,TREVISO,SC,1,1430.17,20222.16916504106,7.07
3518859,GUATAPARÁ,SP,1,1428.33,47642.75796755082,3.0
4115457,MARQUINHO,PR,4,1427.21,63093.914213003525,2.26
4101804,ARAUCÁRIA,PR,3,1426.6599999999999,57562.21724398212,2.48
3301900,ITABORAÍ,RJ,8,1426.44,50444.922384379424,2.83
2515401,SÃO VICENTE DO SERIDÓ,PB,1,1425.58,26625.58680401808,5.35
4208807,JAGUARUNA,SC,1,1423.23,42268.05393684364,3.37
4104303,CAMPO MOURÃO,PR,2,1420.95,89758.38211853195,1.58
2927002,RIO REAL,BA,4,1420.62,76952.183095474,1.85
2511103,PEDRA LAVRADA,PB,2,1420.25,33990.550179615086,4.18
2601904,BEZERROS,PE,3,1418.9699999999998,50684.50446742551,2.8
5107263,SANTO AFONSO,MT,1,1416.45,124181.44453788159,1.14
4321501,TORRES,RS,3,1415.2900000000002,21204.99314787279,6.67
2612455,SANTA CRUZ,PE,2,1415.29,127073.36402250876,1.11
4110078,IMBAÚ,PR,2,1414.8200000000002,39809.38131723188,3.55
2610707,PAULISTA,PE,2,1411.48,9868.023704078369,14.3
4107009,CURIÚVA,PR,1,1410.63,68903.75752265546,2.05
2405306,JANUÁRIO CICCO,RN,1,1409.55,16876.525568028745,8.35
3201902,DOMINGOS MARTINS,ES,2,1400.7,139473.43271309827,1.0
5210208,IPORÁ,GO,1,1392.09,111448.09028303571,1.25
2915908,ITANAGRA,BA,3,1390.86,55822.499420543565,2.49
2403103,CURRAIS NOVOS,RN,2,1389.2,87350.28669793619,1.59
2929305,SÃO GONÇALO DOS CAMPOS,BA,2,1386.69,30858.87931771177,4.49
2504306,CATOLÉ DO ROCHA,PB,1,1386.03,55781.25584134556,2.48
3145406,OLARIA,MG,1,1385.73,20662.318787891163,6.71
3513702,DESCALVADO,SP,3,1373.1100000000001,87340.59665608834,1.57
2200806,ANTÔNIO ALMEIDA,PI,2,1372.09,65426.00228540529,2.1
3303856,PATY DO ALFERES,RJ,5,1371.53,36676.869151659565,3.74
3111309,CAMPO DO MEIO,MG,2,1367.74,31583.589604101402,4.33
3508603,CACHOEIRA PAULISTA,SP,2,1358.21,33764.867743262235,4.02
2516508,TAPEROÁ,PB,1,1356.32,63760.84112022294,2.13
3528403,MAIRINQUE,SP,1,1356.05,24934.29230736461,5.44
2801900,CUMBE,SE,1,1355.46,13248.533101153273,10.23
3304102,PORCIÚNCULA,RJ,3,1355.39,33374.487003282346,4.06
3200201,ALEGRE,ES,3,1353.01,86338.22217906098,1.57
2500502,ALAGOINHA,PB,5,1352.35,11287.4083468733,11.98
4219176,VARGEM BONITA,SC,2,1350.9299999999998,37629.86239808095,3.59
2907707,CHORROCHÓ,BA,1,1349.81,308120.1783663468,0.44
3526506,LAVÍNIA,SP,2,1335.8,61687.16474269924,2.17
2902054,ARAÇÁS,BA,2,1332.2800000000002,49591.02627501042,2.69
4124509,SANTO INÁCIO,PR,2,1327.3,32851.43133896871,4.04
2700904,BELO MONTE,AL,7,1318.06,33208.98283690534,3.97
3306206,VASSOURAS,RJ,2,1317.1100000000001,62540.58429857463,2.11
5200100,ABADIÂNIA,GO,1,1307.83,113061.20958384113,1.16
2903300,BARRO PRETO,BA,5,1303.57,21525.371285513727,6.06
5200134,ACREÚNA,GO,2,1302.63,171848.19416512508,0.76
2307908,MARTINÓPOLE,CE,1,1300.03,30400.143689430286,4.28
2805208,PINHÃO,SE,4,1295.06,16160.750041210136,8.01
2603702,CANHOTINHO,PE,5,1288.89,43259.18063134887,2.98
4305355,CHARQUEADAS,RS,2,1286.8000000000002,28892.39846006384,4.45
3522802,ITAPORANGA,SP,1,1285.05,60424.96092987516,2.13
2503001,CAAPORÃ,PB,3,1282.56,15342.26757240999,8.36
2600807,ALTINHO,PE,3,1279.87,45958.66715439075,2.78
4304663,CAPÃO DO LEÃO,RS,2,1279.5900000000001,108173.84412253664,1.18
2503407,CACIMBA DE AREIA,PB,1,1278.76,21607.615409646707,5.92
5212253,LAGOA SANTA,GO,3,1273.6,51836.0211662333,2.46
4103958,CAMPINA DO SIMÃO,PR,4,1271.72,54577.46261144532,2.33
1713304,MIRANORTE,TO,1,1270.94,106024.54030226663,1.2
4204707,CUNHA PORÃ,SC,1,1270.72,27593.45114054004,4.61
3168051,TAPARUBA,MG,1,1267.21,21751.03875108798,5.83
2708808,SÃO SEBASTIÃO,AL,2,1263.9299999999998,32193.994580560648,3.93
2209559,SÃO BRAZ DO PIAUÍ,PI,1,1251.05,67144.41773444923,1.86
2911501,GONGOGI,BA,3,1242.02,21494.677152897162,5.78
4208203,ITAJAÍ,SC,3,1240.74,36315.881263016316,3.42
2924801,PIRITIBA,BA,1,1236.66,102081.83173388414,1.21
2613107,SÃO CAITANO,PE,2,1234.26,39015.29416783304,3.16
3168101,TAPIRA,MG,1,1226.61,133139.70910569254,0.92
3304508,RIO DAS FLORES,RJ,2,1224.81,55699.48946888812,2.2
2803906,MALHADOR,SE,2,1219.08,10535.494910326428,11.57
2505352,DAMIÃO,PB,2,1218.55,18848.123550726596,6.47
5004007,GLÓRIA DE DOURADOS,MS,3,1217.23,57584.32867927926,2.11
3547809,SANTO ANDRÉ,SP,4,1214.3400000000001,20926.330528151077,5.8
5001508,BANDEIRANTES,MS,1,1212.83,379223.823339703,0.32
3132404,ITAJUBÁ,MG,1,1210.11,34427.9329478338,3.51
2600203,AFRÂNIO,PE,3,1209.99,152276.5868881267,0.79
4304606,CANOAS,RS,2,1209.53,17355.81522756612,6.97
3117876,CONFINS,MG,1,1208.13,4777.674174559715,25.29
4110508,IPIRANGA,PR,2,1208.02,109381.39828347416,1.1
2513968,SÃO DOMINGOS,PB,2,1202.2199999999998,17256.031924909832,6.97
4217808,TAIÓ,SC,1,1194.18,87293.34292526763,1.37
4204459,CORONEL MARTINS,SC,2,1193.9699999999998,13396.467640129507,8.91
4215505,SANTA CECÍLIA,SC,2,1192.64,143755.34564239663,0.83
2608206,JOAQUIM NABUCO,PE,3,1192.56,12521.364490385435,9.52
3538709,PIRACICABA,SP,6,1192.29,161626.03457050558,0.74
5107206,RIO BRANCO,MT,1,1192.12,57852.86518070582,2.06
4118600,PAULA FREITAS,PR,4,1187.46,52192.45430444572,2.28
2926657,RIBEIRÃO DO LARGO,BA,1,1186.72,146508.34285100375,0.81
3166808,SERRA DO SALITRE,MG,1,1181.31,144883.07654807172,0.82
2313757,UMIRIM,CE,4,1180.88,31656.675283113087,3.73
2800209,AQUIDABÃ,SE,5,1173.59,37079.994707520345,3.17
3303203,NILÓPOLIS,RJ,2,1171.5,2277.6638830866673,51.43
4212239,PARAÍSO,SC,1,1171.0,22523.07469361755,5.2
2300101,ABAIARA,CE,1,1169.92,18360.81897929135,6.37
2600609,ALAGOINHA,PE,5,1169.27,21250.408556117083,5.5
4314472,PINHAL GRANDE,RS,2,1169.2,62680.337916442586,1.87
3129806,IBIRITÉ,MG,2,1167.67,8184.634794123414,14.27
3110004,CAETÉ,MG,3,1164.03,61216.04025917126,1.9
2513307,SANTA HELENA,PB,1,1161.63,21380.513227033087,5.43
2104651,GOVERNADOR NEWTON BELLO,MA,7,1160.15,114678.32290724752,1.01
2403756,FERNANDO PEDROZA,RN,2,1159.58,32548.92969469468,3.56
4203402,CAMPO BELO DO SUL,SC,1,1157.32,130838.81087346221,0.88
2609154,MANARI,PE,2,1157.15,39548.56996329303,2.93
2615508,TRACUNHAÉM,PE,3,1156.95,13968.435032635758,8.28
5211701,JANDAIA,GO,2,1156.46,94300.78952893376,1.23
2916104,ITAPARICA,BA,1,1154.61,12753.429740814025,9.05
4104055,CAMPO BONITO,PR,1,1154.28,52631.16449518501,2.19
3124005,ERVÁLIA,MG,1,1149.55,40849.831059306,2.81
2917359,JABORANDI,BA,3,1147.6599999999999,1056025.4624859658,0.11
3149952,PERIQUITO,MG,1,1145.24,25581.392385029663,4.48
2606002,GARANHUNS,PE,2,1144.53,46964.926037014375,2.44
2209153,SANTA CRUZ DOS MILAGRES,PI,1,1143.62,98775.53862749701,1.16
2507408,JERICÓ,PB,3,1138.01,17943.157165069635,6.34
3530706,MOGI GUAÇU,SP,2,1136.28,94648.9222089121,1.2
2603108,CACHOEIRINHA,PE,1,1133.79,18300.156010096733,6.2
2515500,SERRA BRANCA,PB,3,1132.1399999999999,70938.17599010651,1.6
3507456,BOREBI,SP,1,1128.73,40786.54935393514,2.77
4123956,SANTA MÔNICA,PR,1,1128.06,30681.105164745237,3.68
3135357,JAPONVAR,MG,1,1123.87,40510.918646954735,2.77
2411205,SANTA CRUZ,RN,2,1119.55,63102.714740848205,1.77
4100806,ALVORADA DO SUL,PR,1,1107.43,49818.91122683866,2.22
2200103,AGRICOLÂNDIA,PI,1,1105.58,11339.315644213932,9.75
2306306,ITAPAJÉ,CE,1,1105.58,43763.35656476081,2.53
3536406,PAULICÉIA,SP,2,1104.8400000000001,42946.61909944048,2.57
3115904,CHÁCARA,MG,1,1104.74,17659.743500242115,6.26
2607802,ITAQUITINGA,PE,3,1102.87,16548.699713591468,6.66
2504405,CONCEIÇÃO,PB,2,1100.8799999999999,58994.38078344661,1.87
3508306,CABRÁLIA PAULISTA,SP,1,1098.47,28048.942321071667,3.92
2616506,XEXÉU,PE,2,1098.42,11333.859398059878,9.69
2606309,GRANITO,PE,2,1093.5,53073.77141014109,2.06
2910800,FEIRA DE SANTANA,BA,1,1091.59,136327.98393319937,0.8
5214705,NOVA AMÉRICA,GO,2,1091.12,22419.04895927458,4.87
4321105,TAPES,RS,1,1089.73,108539.70287375619,1.0
4100400,ALMIRANTE TAMANDARÉ,PR,1,1088.96,23703.735248686928,4.59
3554706,TORRINHA,SP,1,1088.62,36825.70220100691,2.96
2925758,PRESIDENTE TANCREDO NEVES,BA,1,1083.89,46635.3086412658,2.32
2911204,GANDU,BA,5,1083.0,24310.793993881365,4.45
3116100,CHAPADA DO NORTE,MG,1,1079.76,90830.23107483523,1.19
5218391,PROFESSOR JAMIL,GO,1,1075.52,39003.01834414712,2.76
2513703,SANTA RITA,PB,4,1073.33,72866.11744898887,1.47
3522158,ITAOCA,SP,2,1070.25,22091.546667876453,4.84
2104404,GONÇALVES DIAS,MA,1,1068.5,88965.37457008257,1.2
3300951,COMENDADOR LEVY GASPARIAN,RJ,2,1066.22,12617.912283975937,8.45
4217204,SÃO MIGUEL DO OESTE,SC,2,1066.19,29236.759525221558,3.65
3119500,CORONEL MURTA,MG,1,1062.63,88624.2962495646,1.2
3161304,SÃO FRANCISCO DE SALES,MG,4,1059.49,127261.23122192321,0.83
2603454,CAMARAGIBE,PE,2,1054.46,5226.165162488565,20.18
3203601,MUCURICI,ES,1,1054.1,59659.02551263698,1.77
4321956,TRINDADE DO SUL,RS,3,1051.42,34042.74894089338,3.09
2805000,PEDRA MOLE,SE,3,1051.19,8495.390561203007,12.37
2805802,RIACHÃO DO DANTAS,SE,2,1049.42,54998.09584780736,1.91
2902807,BARRA DA ESTIVA,BA,1,1044.81,175240.76358987927,0.6
3537107,PEDREIRA,SP,1,1040.69,12767.759339944787,8.15
4125753,SÃO PEDRO DO IGUAÇU,PR,2,1040.27,37389.943414288435,2.78
5200209,ÁGUA LIMPA,GO,1,1037.47,50679.67239106765,2.05
2512762,RIACHÃO DO POÇO,PB,2,1036.97,4104.340393867206,25.27
2916906,ITIRUÇU,BA,2,1035.43,34024.5384682224,3.04
3142304,MOEDA,MG,3,1033.02,17604.91178025349,5.87
2905206,CAETITÉ,BA,1,1026.09,281063.4707604868,0.37
3524709,JAGUARIÚNA,SP,1,1025.09,16574.61325715576,6.18
2508604,LUCENA,PB,3,1024.48,9505.64873958028,10.78
3148756,PEDRA BONITA,MG,1,1024.47,19777.924152225034,5.18
2402204,CANGUARETAMA,RN,2,1024.0,24824.767855362687,4.12
4313656,PALMARES DO SUL,RS,2,1023.3699999999999,127122.16839224982,0.81
3204708,SÃO GABRIEL DA PALHA,ES,3,1021.5899999999999,48524.13718257598,2.11
4122503,RONCADOR,PR,3,1021.5,89506.95212826529,1.14
3149606,PEQUI,MG,1,1020.5,22941.91888634771,4.45
3168309,TAQUARAÇU DE MINAS,MG,1,1018.51,37046.68857522064,2.75
2919207,LAURO DE FREITAS,BA,1,1018.21,6087.017855181855,16.73
2307304,JUAZEIRO DO NORTE,CE,2,1010.24,26255.29199143111,3.85
3125705,FELIXLÂNDIA,MG,1,1003.37,172952.06936526825,0.58
3542305,REDENÇÃO DA SERRA,SP,1,1002.71,36575.4057367595,2.74
3538204,PINHALZINHO,SP,1,997.51,18137.646721096433,5.5
2504157,CASSERENGUE,PB,3,994.1800000000001,20533.802045042168,4.84
4128559,VERA CRUZ DO OESTE,PR,2,984.77,39712.91962141087,2.48
4115309,MARIÓPOLIS,PR,1,983.83,28608.929475323082,3.44
4319208,SÃO NICOLAU,RS,2,983.37,63874.124964791634,1.54
3305901,TRAJANO DE MORAES,RJ,4,983.24,68742.74218964692,1.43
2107258,NOVA COLINAS,MA,2,980.63,75380.01935391259,1.3
3155900,RIO PRETO,MG,2,978.99,40422.37305869496,2.42
4117701,PALMEIRA,PR,4,973.37,179989.41833659486,0.54
5214861,NOVA GLÓRIA,GO,1,972.52,44090.39726768604,2.21
2505907,EMAS,PB,1,971.79,25173.09076896875,3.86
3518305,GUARAREMA,SP,2,969.61,32093.45998339851,3.02
3538808,PIRAJU,SP,2,964.11,59582.55202438172,1.62
3518008,GUARANI D'OESTE,SP,1,963.06,9694.188421262024,9.93
2907905,CIPÓ,BA,2,958.6600000000001,17456.02406481543,5.49
5107198,RIBEIRÃOZINHO,MT,2,958.6,67860.56080859208,1.41
2609501,NAZARÉ DA MATA,PE,3,957.27,13280.564081394868,7.21
2403608,EXTREMOZ,RN,1,953.75,14185.016224941057,6.72
3303005,MIRACEMA,RJ,2,953.09,34909.077262139945,2.73
2903102,BARRA DO ROCHA,BA,1,948.53,22757.822734104662,4.17
2509156,MARIZÓPOLIS,PB,1,948.36,7086.011790206234,13.38
2709400,VIÇOSA,AL,2,947.34,37455.210943545964,2.53
4318101,SÃO FRANCISCO DE ASSIS,RS,2,945.68,333324.07565970684,0.28
2509206,MASSARANDUBA,PB,4,945.13,21246.54421664289,4.45
2404903,ITAÚ,RN,1,943.0,13424.10179343428,7.02
2911600,GOVERNADOR MANGABEIRA,BA,1,936.46,11200.056936234758,8.36
2500734,AMPARO,PB,1,933.0,12408.00517889372,7.52
4314209,PEDRO OSÓRIO,RS,3,930.99,83618.72198592947,1.11
2802007,DIVINA PASTORA,SE,1,930.15,9358.973831465546,9.94
3554953,TUIUTI,SP,2,929.82,14886.008963496142,6.25
2924504,PINDAÍ,BA,2,928.8199999999999,66924.35160378808,1.39
3203304,MANTENÓPOLIS,ES,2,919.56,35830.711197742465,2.57
3538907,PIRAJUÍ,SP,4,918.0899999999999,95560.2475899147,0.96
4204301,CONCÓRDIA,SC,1,915.68,100835.32530134171,0.91
4128534,VENTANIA,PR,1,914.69,98237.19981454688,0.93
4300109,AGUDO,RS,1,913.3,70526.05273170654,1.29
4216255,SÃO JOÃO DO OESTE,SC,1,910.83,20585.9925095797,4.42
4213609,PORTO UNIÃO,SC,1,910.22,105495.96263145306,0.86
3113701,CARLOS CHAGAS,MG,2,904.09,352178.5497797179,0.26
4318705,SÃO LEOPOLDO,RS,2,902.52,13628.220369097402,6.62
4214706,RIO DOS CEDROS,SC,2,900.33,69321.00466095601,1.3
3126703,FRANCISCO SÁ,MG,1,898.68,297990.5627466321,0.3
4101507,ARAPONGAS,PR,1,897.68,45304.018616718284,1.98
4323101,VICENTE DUTRA,RS,1,897.62,24324.33312423257,3.69
2706505,PASSO DE CAMARAGIBE,AL,3,897.47,25748.413708099903,3.49
5003801,FÁTIMA DO SUL,MS,1,896.91,37978.89815299624,2.36
2606101,GLÓRIA DO GOITÁ,PE,3,890.96,23881.270550530677,3.73
2500106,ÁGUA BRANCA,PB,1,888.47,24549.24316179163,3.62
3554201,TEJUPÁ,SP,1,886.04,35055.606552701756,2.53
2513000,SALGADINHO,PB,2,885.96,18154.20161789388,4.88
2613305,SÃO JOAQUIM DO MONTE,PE,3,885.31,22927.500551675002,3.86
4112306,JAPIRA,PR,1,884.22,22359.06705835095,3.95
5215306,ORIZONA,GO,2,883.58,215187.31496682696,0.41
3155504,RIO PARANAÍBA,MG,2,878.6600000000001,151415.73063021997,0.58
3517000,GETULINA,SP,1,877.66,78316.57834163879,1.12
2925808,QUEIMADAS,BA,2,876.14,208481.9368895293,0.42
3305752,TANGUÁ,RJ,5,870.59,16786.074346798538,5.19
2910776,FEIRA DA MATA,BA,1,868.53,124907.18003093144,0.7
4216107,SÃO DOMINGOS,SC,2,868.12,45803.34383238065,1.9
2918704,LAFAIETE COUTINHO,BA,1,867.26,52661.6384076799,1.65
3200508,APIACÁ,ES,3,866.6600000000001,22232.15762970334,3.9
4102406,BANDEIRANTES,PR,1,864.73,52548.416602515514,1.65
2504504,CONDADO,PB,1,864.55,26901.47386202066,3.21
4211058,MONTE CARLO,SC,2,861.52,24114.191964416557,3.57
2908200,CONCEIÇÃO DA FEIRA,BA,1,858.99,17264.099861539977,4.98
2507606,JUAREZ TÁVORA,PB,2,858.31,7677.155426139565,11.18
5208509,GOIANDIRA,GO,2,857.2700000000001,62979.72451356774,1.36
3172004,VISCONDE DO RIO BRANCO,MG,1,853.47,27867.4531964999,3.06
4124905,SÃO JOÃO DO CAIUÁ,PR,1,853.24,35761.11855664186,2.39
5204102,CACHOEIRA ALTA,GO,2,851.25,184020.71859138575,0.46
2506004,ESPERANÇA,PB,5,847.54,16002.019826235604,5.3
1716109,PARAÍSO DO TOCANTINS,TO,9,847.3299999999999,133236.41528010907,0.64
2615904,TUPARETAMA,PE,3,846.25,19160.49858570038,4.42
4107603,FAXINAL,PR,1,844.73,85592.23753537727,0.99
3551405,SERRA AZUL,SP,3,836.3000000000001,32557.26865522103,2.57
2508406,LASTRO,PB,1,834.19,10869.025141735856,7.67
2801603,CEDRO DE SÃO JOÃO,SE,5,833.32,8633.41399813405,9.65
2513356,SANTA INÊS,PB,2,832.3,33312.81420383974,2.5
2702504,DOIS RIACHOS,AL,1,832.22,14604.637797545978,5.7
2919603,MACAJUBA,BA,1,829.87,73245.43319301294,1.13
4304689,CAPELA DE SANTANA,RS,2,827.51,24155.299009576032,3.43
2205458,JOCA MARQUES,PI,2,827.0400000000001,16944.49725508538,4.88
2401503,BARCELONA,RN,1,825.81,15409.024709596526,5.36
2610202,PANELAS,PE,2,823.41,38873.34710336932,2.12
4219101,VARGEÃO,SC,1,822.64,20860.171227781047,3.94
4117107,NOVA LONDRINA,PR,2,821.9,31622.89990702702,2.6
2904852,CABACEIRAS DO PARAGUAÇU,BA,1,821.05,23269.927277371422,3.53
2914802,ITABUNA,BA,4,819.26,42852.112294242164,1.91
3200359,ALTO RIO NOVO,ES,3,818.5699999999999,25418.45012874073,3.22
5202353,ARENÓPOLIS,GO,1,814.52,116611.44257408917,0.7
3525201,JARINU,SP,2,810.86,24480.321868051284,3.31
4100459,ALTAMIRA DO PARANÁ,PR,1,804.24,46853.98053927585,1.72
2408102,NATAL,RN,3,802.99,16891.435714367068,4.75
4105201,CERRO AZUL,PR,2,801.23,162562.7897090816,0.49
4105102,CENTENÁRIO DO SUL,PR,2,800.8199999999999,43660.391712002165,1.83
2304608,GENERAL SAMPAIO,CE,1,800.6,23124.76629868295,3.46
5218904,RUBIATABA,GO,1,800.58,80457.78185024307,1.0
2807303,TELHA,SE,3,800.46,4933.703053769895,16.22
3552502,SUZANO,SP,1,800.28,24507.16673041515,3.27
3125408,FELÍCIO DOS SANTOS,MG,2,800.01,39524.167586334166,2.02
4204004,CATANDUVAS,SC,2,799.79,25042.35339399335,3.19
2207207,PADRE MARCOS,PI,1,786.03,28299.42500182311,2.78
2608800,LAJEDO,PE,2,782.77,19323.857514090705,4.05
2708303,SÃO JOSÉ DA LAJE,AL,2,782.19,26266.1140767823,2.98
3520707,INDIAPORÃ,SP,2,778.85,31580.908957222502,2.47
4303004,CACHOEIRA DO SUL,RS,2,778.54,498781.05296999175,0.16
2512788,RIACHO DE SANTO ANTÔNIO,PB,2,777.8900000000001,9523.20847697258,8.17
2209401,SANTO ANTÔNIO DE LISBOA,PI,1,777.85,39042.77280960799,1.99
2515906,SERRARIA,PB,4,776.99,6591.034168050811,11.79
3556453,VARGEM GRANDE PAULISTA,SP,1,775.27,5050.001251503387,15.35
4300059,ÁGUA SANTA,RS,1,771.19,37442.39308890333,2.06
4125100,SÃO JOÃO DO TRIUNFO,PR,2,769.31,88463.60510181065,0.87
4309902,IBIRAIARAS,RS,2,766.5500000000001,36180.15081812404,2.12
2806503,SANTA ROSA DE LIMA,SE,1,766.53,6995.5570724151,10.96
4104709,CARLÓPOLIS,PR,2,763.56,53521.953603795686,1.43
3535804,PARANAPANEMA,SP,1,762.92,120745.56390019512,0.63
4207908,IRINEÓPOLIS,SC,3,762.64,73260.94482963446,1.04
5200555,ALTO HORIZONTE,GO,1,761.49,53138.583680831776,1.43
3554656,TORRE DE PEDRA,SP,2,761.42,8432.728927469121,9.03
3152501,POUSO ALEGRE,MG,3,757.6500000000001,63240.65553370519,1.2
2100808,ANAPURUS,MA,2,755.68,61048.772258086574,1.24
2508802,MALTA,PB,1,754.4,17428.89769097395,4.33
3544251,ROSANA,SP,1,754.03,86962.08980142522,0.87
2612901,SÃO BENEDITO DO SUL,PE,3,753.04,16410.678039225026,4.59
4315701,RIO PARDO,RS,2,752.1800000000001,272819.94155853917,0.28
3127206,FUNILÂNDIA,MG,3,752.05,22403.02358170857,3.36
2508109,LAGOA,PB,2,750.6800000000001,17877.286217398592,4.2
4316709,SANTA BÁRBARA DO SUL,RS,1,750.63,125703.61420759364,0.6
3505005,BARÃO DE ANTONINA,SP,1,748.2,18190.892918420297,4.11
4312625,MULITERNO,RS,1,747.04,14282.542576375694,5.23
2915700,ITAMARI,BA,1,746.21,15185.040652977752,4.91
3508801,CAFELÂNDIA,SP,2,744.97,106421.57736241056,0.7
5216304,PARANAIGUARA,GO,1,744.88,128476.65429075585,0.58
4210308,MAJOR VIEIRA,SC,1,739.62,64842.14074911612,1.14
4201653,ARVOREDO,SC,1,735.24,11384.743416084297,6.46
3204252,PONTO BELO,ES,1,734.93,39852.6170847434,1.84
4115903,MIRADOR,PR,1,734.45,26185.495723414206,2.8
2101772,BELA VISTA DO MARANHÃO,MA,3,729.91,14840.883763632486,4.92
2916203,ITAPÉ,BA,2,727.4,48466.93170805259,1.5
4310538,ITAARA,RS,1,726.18,22781.34572434753,3.19
2917805,JAGUARIPE,BA,2,724.07,90892.54020088392,0.8
2611408,PRIMAVERA,PE,2,722.44,11583.90285864056,6.24
2916005,ITANHÉM,BA,1,722.2,152364.5136884139,0.47
4123907,SANTA MARIANA,PR,1,719.98,50349.128373640546,1.43
3138807,LUZ,MG,1,719.62,132136.43154344577,0.54
2608107,JOÃO ALFREDO,PE,2,716.71,13652.188391852456,5.25
3526902,LIMEIRA,SP,1,713.39,67982.1398157296,1.05
3503356,ARCO-ÍRIS,SP,1,710.52,30648.496951558973,2.32
4321436,TERRA DE AREIA,RS,1,708.86,18769.980785267107,3.78
4127809,TOMAZINA,PR,1,704.24,70406.33395781105,1.0
4209409,LAGUNA,SC,1,701.45,43021.63061674051,1.63
3524907,JAMBEIRO,SP,1,699.93,21805.696622510506,3.21
5222203,VILA BOA,GO,6,699.83,112623.20757724917,0.62
3540705,PORTO FERREIRA,SP,2,699.4200000000001,28364.780361044977,2.47
3502606,APARECIDA D'OESTE,SP,1,696.71,20355.65874096137,3.42
2600104,AFOGADOS DA INGAZEIRA,PE,1,696.48,38449.61331035184,1.81
2806909,SÃO FRANCISCO,SE,2,694.1300000000001,8665.479901476856,8.01
2509339,MATINHAS,PB,3,692.46,3704.275228923781,18.69
3529005,MARÍLIA,SP,1,692.42,136207.8697944685,0.51
4108551,GODOY MOREIRA,PR,1,688.68,15700.782576452582,4.39
4125407,SÃO JOSÉ DA BOA VISTA,PR,1,682.26,47755.49692261078,1.43
4124020,SANTA TEREZA DO OESTE,PR,3,681.8899999999999,39639.8255129028,1.72
4213302,PONTE ALTA,SC,1,679.39,72792.99561825598,0.93
3166303,SERICITA,MG,1,674.18,18881.570105916097,3.57
4202131,BELA VISTA DO TOLDO,SC,1,670.59,66620.29955062989,1.01
2206308,MIGUEL LEÃO,PI,1,669.29,9422.314119905972,7.1
4205704,GAROPABA,SC,3,669.04,14695.232517236796,4.55
2914653,ITABELA,BA,2,660.5999999999999,100600.39864073314,0.66
2920908,MASCOTE,BA,2,659.7900000000001,79974.44788299214,0.83
1505403,OURÉM,PA,1,656.86,56141.47042552612,1.17
2107407,OLHO D'ÁGUA DAS CUNHÃS,MA,2,652.1800000000001,69803.07123872625,0.93
3203056,JAGUARÉ,ES,1,648.72,73611.61487951678,0.88
2928802,SANTO ESTÊVÃO,BA,2,640.48,37737.69140301779,1.7
3502200,ANGATUBA,SP,1,638.92,121757.56994395917,0.52
5002605,CAMAPUÃ,MS,1,638.46,699323.7313773857,0.09
2302909,CAPISTRANO,CE,3,636.1700000000001,22764.770088601454,2.79
2106672,MILAGRES DO MARANHÃO,MA,1,635.53,63639.762834744906,1.0
4128500,WENCESLAU BRAZ,PR,1,634.74,47463.05913431419,1.34
3147204,PARAGUAÇU,MG,1,630.75,48954.74514136643,1.29
1506401,SANTA CRUZ DO ARARI,PA,1,628.89,107545.05879194284,0.58
3304706,SANTO ANTÔNIO DE PÁDUA,RJ,3,628.8399999999999,69635.77961167977,0.9
5103809,FIGUEIRÓPOLIS D'OESTE,MT,3,628.82,95864.14192997535,0.66
3551207,SARUTAIÁ,SP,1,627.96,16738.742614391544,3.75
4108007,FLORESTÓPOLIS,PR,1,619.7,29022.609384822776,2.14
3540606,PORTO FELIZ,SP,2,619.26,65778.9810818406,0.94
4314100,PASSO FUNDO,RS,1,618.29,100849.42076470534,0.61
3101607,ALFENAS,MG,1,616.59,97885.1303150418,0.63
3305000,SÃO JOÃO DA BARRA,RJ,2,616.5,52352.20543551405,1.18
2708709,SÃO MIGUEL DOS MILAGRES,AL,3,613.61,7877.375768887901,7.79
1507607,SÃO MIGUEL DO GUAMÁ,PA,2,609.7,109404.94605222628,0.56
2413201,SENADOR GEORGINO AVELINO,RN,1,606.76,2637.03316087688,23.01
4207304,IMBITUBA,SC,1,603.9,23312.514282950975,2.59
2604403,CHÃ DE ALEGRIA,PE,3,599.21,5023.342058146605,11.93
2503308,CACHOEIRA DOS ÍNDIOS,PB,1,594.6,19582.65267162837,3.04
2603603,CAMUTANGA,PE,2,593.38,3972.8969087210016,14.94
4205555,FREI ROGÉRIO,SC,2,592.4,20015.877382701172,2.96
3529807,MINEIROS DO TIETÊ,SP,2,591.89,24915.08840154104,2.38
4309001,GIRUÁ,RS,3,591.32,109510.16385441413,0.54
4211108,MONTE CASTELO,SC,1,584.24,70031.01815182352,0.83
3542503,REGINÓPOLIS,SP,2,583.75,47559.888851415744,1.23
4306429,DOIS IRMÃOS DAS MISSÕES,RS,1,582.12,28749.608163515633,2.02
5004403,INOCÊNCIA,MS,1,579.4,648367.276216745,0.09
2201929,BONFIM DO PIAUÍ,PI,1,578.95,29627.644584050555,1.95
4200804,ANCHIETA,SC,2,578.38,28953.454740940724,2.0
2700706,BATALHA,AL,1,577.58,34098.588166238645,1.69
3523909,ITU,SP,2,574.81,75792.51874536104,0.76
2926509,RIBEIRA DO AMPARO,BA,1,572.23,69004.86567699922,0.83
2611533,QUIXABA,PE,1,566.65,21428.82002777326,2.64
3552106,SOCORRO,SP,1,566.47,52576.139848891435,1.08
2505279,CURRAL DE CIMA,PB,1,565.21,8751.877932693722,6.46
4219150,VARGEM,SC,1,565.01,44417.71799830488,1.27
2102556,CAMPESTRE DO MARANHÃO,MA,1,564.67,61991.49931935636,0.91
3536570,PAULISTÂNIA,SP,1,564.36,29976.91106677624,1.88
2910008,DÁRIO MEIRA,BA,2,563.21,44021.02352484355,1.28
3146206,OURO VERDE DE MINAS,MG,1,562.29,19375.585806056974,2.9
3502309,ANHEMBI,SP,5,561.61,86479.46927856831,0.65
2613800,SÃO VICENTE FÉRRER,PE,1,560.42,11432.475351351848,4.9
2305209,HIDROLÂNDIA,CE,1,559.89,93099.46341963328,0.6
2411056,TIBAU,RN,1,559.6,17039.394865201433,3.28
2412708,SÃO PEDRO,RN,1,559.35,19706.44621970804,2.84
3168804,TIRADENTES,MG,1,558.6,9523.561127983048,5.87
4203808,CANOINHAS,SC,2,556.5,142364.5954747376,0.39
2701902,CHÃ PRETA,AL,1,554.49,16178.650994488142,3.43
3546009,SANTA BRANCA,SP,1,553.38,32261.386784779315,1.72
2300150,ACARAPE,CE,1,551.51,13030.985651088484,4.23
3304144,QUEIMADOS,RJ,8,550.61,8904.875865747263,6.18
3202702,ITAGUAÇU,ES,1,549.27,60263.715687465396,0.91
3306305,VOLTA REDONDA,RJ,5,548.87,21285.588591696887,2.58
4202099,BARRA BONITA,SC,2,548.52,11608.075730356284,4.73
5216007,PANAMÁ,GO,1,546.21,47805.77446899711,1.14
3201100,BOM JESUS DO NORTE,ES,1,544.24,10211.43981346336,5.33
3124401,ESPÍRITO SANTO DO DOURADO,MG,1,542.22,30633.375498137546,1.77
2410207,PORTALEGRE,RN,1,541.68,11114.004325522064,4.87
2706448,PARIPUEIRA,AL,2,541.51,9524.389320986209,5.69
2306900,JAGUARIBE,CE,2,541.2,189510.7301367534,0.29
5205802,CORUMBÁ DE GOIÁS,GO,3,538.47,114961.48866960137,0.47
2807006,SÃO MIGUEL DO ALEIXO,SE,2,536.46,14445.690199152967,3.71
3300159,APERIBÉ,RJ,2,535.85,10920.9356050054,4.91
2303105,CARIRÉ,CE,1,534.95,75826.01901740473,0.71
4100103,ABATIÁ,PR,2,532.79,27055.558998344237,1.97
5210802,ITAJÁ,GO,1,532.77,232804.34860614807,0.23
2407906,MONTE DAS GAMELEIRAS,RN,1,532.74,7276.5699276886535,7.32
2516409,TACIMA,PB,1,530.14,24813.43680085654,2.14
3303708,PARAÍBA DO SUL,RJ,3,521.9,66462.06212878156,0.79
2917706,JAGUARARI,BA,1,517.46,253977.29282787585,0.2
3169307,TRÊS CORAÇÕES,MG,1,514.28,95695.35327401396,0.54
2906709,CÂNDIDO SALES,BA,1,513.83,125591.85174920202,0.41
2501351,ASSUNÇÃO,PB,1,510.43,13399.83562115433,3.81
2709152,TEOTÔNIO VILELA,AL,1,510.33,30803.77260530657,1.66
2405207,JANDUÍS,RN,2,508.96,30640.041280439495,1.66
2932002,UAUÁ,BA,1,505.47,314902.9224908635,0.16
5104906,JANGADA,MT,2,503.37,119612.31369298958,0.42
3115508,CAXAMBU,MG,1,503.23,11659.779029591244,4.32
2505238,CUITÉ DE MAMANGUAPE,PB,2,502.81,10911.710918489072,4.61
2803104,ITABI,SE,2,501.21,18898.006085204346,2.65
3157807,SANTA LUZIA,MG,3,499.29999999999995,26484.176405328275,1.89
2312502,SÃO JOÃO DO JAGUARIBE,CE,1,498.22,28152.07400431568,1.77
4103404,CAFEARA,PR,1,495.82,21818.848822241944,2.27
2514503,SÃO JOSÉ DE PIRANHAS,PB,2,492.74,69666.1762869454,0.71
3536604,PAULO DE FARIA,SP,1,492.06,83479.10839700885,0.59
2927309,SALINAS DA MARGARIDA,BA,1,491.12,15820.541612371728,3.1
3133105,ITANHANDU,MG,1,490.86,16716.126012077195,2.94
3304110,PORTO REAL,RJ,3,488.08,5944.304750873171,8.21
3145000,NOVA PONTE,MG,1,484.28,124426.72784174612,0.39
4305850,COQUEIROS DO SUL,RS,2,482.99,35540.66912242504,1.36
4106407,CORNÉLIO PROCÓPIO,PR,2,482.76,75036.68010708403,0.64
2807600,UMBAÚBA,SE,4,481.37,12211.166939004168,3.94
4220000,BALNEÁRIO RINCÃO,SC,1,480.91,8252.129385235583,5.83
4117909,PALOTINA,PR,1,480.83,78185.58748592137,0.61
3152105,PONTE NOVA,MG,3,480.6,53473.711522761776,0.9
2901700,ANTÔNIO CARDOSO,BA,1,479.32,30720.49171784803,1.56
4215208,ROMELÂNDIA,SC,2,478.56,27885.92706147747,1.72
3501509,ALVINLÂNDIA,SP,1,478.32,9915.672348206937,4.82
4108957,GUAMIRANGA,PR,2,477.90999999999997,29813.297522869765,1.6
3143906,MURIAÉ,MG,1,477.74,96490.04534133778,0.5
4125902,SÃO PEDRO DO PARANÁ,PR,1,474.13,29422.691060781224,1.61
3509007,CAIEIRAS,SP,2,472.88,11562.252063865364,4.09
3139508,MANHUMIRIM,MG,1,470.7,20763.396724277914,2.27
2609204,MARAIAL,PE,2,468.94000000000005,20441.214236643013,2.29
3130309,IGUATAMA,MG,1,467.5,71141.23678714015,0.66
4312658,NÃO-ME-TOQUE,RS,2,466.18999999999994,46667.94010004327,1.0
2921401,MIRANGABA,BA,1,465.01,181263.96003741046,0.26
3162955,SÃO JOSÉ DA LAPA,MG,2,462.25,5419.633864168208,8.53
3205036,VARGEM ALTA,ES,2,459.04,47610.55847033203,0.96
2202802,CONCEIÇÃO DO CANINDÉ,PI,2,455.68,83954.46545701302,0.54
2707800,ROTEIRO,AL,1,454.73,13258.276316070833,3.43
2918506,JUSSARA,BA,2,454.54999999999995,140364.18067493846,0.32
2408904,PARELHAS,RN,1,450.15,51994.59810275642,0.87
3153509,ALTO JEQUITIBÁ,MG,1,449.79,17306.539118945522,2.6
4217105,SÃO MARTINHO,SC,1,447.38,28794.420032279246,1.55
2701506,CAMPO GRANDE,AL,1,445.3,17515.239247580426,2.54
2701704,CAPELA,AL,1,444.97,25966.376759006787,1.71
2506103,FAGUNDES,PB,1,443.32,18792.611132831742,2.36
2406106,JUCURUTU,RN,1,438.26,94303.80913619684,0.46
3506508,BIRIGUI,SP,1,437.68,60900.92323839666,0.72
3300456,BELFORD ROXO,RJ,1,437.38,9264.047356805308,4.72
3530300,MIRASSOL,SP,3,436.31,27785.540404539628,1.57
2702207,COQUEIRO SECO,AL,2,435.53999999999996,4069.434095128151,10.7
2501302,AROEIRAS,PB,1,435.21,38219.289527679255,1.14
2804805,NOSSA SENHORA DO SOCORRO,SE,2,434.15,16049.579551174087,2.71
2303808,CEDRO,CE,1,434.02,73869.4059299643,0.59
2513927,SÃO BENTINHO,PB,1,432.95,20227.297035620704,2.14
2512036,POÇO DANTAS,PB,1,432.86,9885.56775383886,4.38
4217956,TIGRINHOS,SC,1,430.27,7115.868798150012,6.05
4303301,CAIBATÉ,RS,1,429.73,33633.958623418905,1.28
3142809,MONTE ALEGRE DE MINAS,MG,2,429.46000000000004,289282.94808309834,0.15
2509370,MATO GROSSO,PB,1,428.04,8628.615930994469,4.96
2506400,GURINHÉM,PB,3,426.36,34531.009814680336,1.23
4107702,FÊNIX,PR,1,423.69,27942.850055728068,1.52
5008404,VICENTINA,MS,1,423.52,35352.14527210601,1.2
2905107,CAÉM,BA,1,423.01,56107.676948396685,0.75
3524808,JALES,SP,1,420.56,41808.79569607822,1.01
2413359,SERRA DO MEL,RN,6,417.75,62452.552126761686,0.67
3512605,CORONEL MACEDO,SP,1,416.18,36116.297049497894,1.15
3557006,VOTORANTIM,SP,1,415.16,21877.516546396226,1.9
2210300,SÃO JULIÃO,PI,1,414.21,29519.398275188887,1.4
3200805,BAIXO GUANDU,ES,1,413.64,102195.01929137499,0.4
3553005,TAGUAÍ,SP,1,412.53,17234.92776565173,2.39
3147105,PARÁ DE MINAS,MG,2,412.39,62173.3372746506,0.66
4115754,MAUÁ DA SERRA,PR,1,410.86,12931.931015617458,3.18
4102604,BARRACÃO,PR,2,409.96000000000004,19990.23017627122,2.05
2609709,OROBÓ,PE,2,405.79,14070.812472666064,2.88
2902401,AURELINO LEAL,BA,1,404.32,47382.188005309996,0.85
4217154,SÃO MIGUEL DA BOA VISTA,SC,2,403.46000000000004,9090.869332337104,4.44
3134103,ITUETA,MG,3,402.12,50765.39633399714,0.79
3110806,CAMPANÁRIO,MG,1,398.55,48977.836238575204,0.81
4128807,XAMBRÊ,PR,1,395.65,42827.826415083626,0.92
2304509,FRECHEIRINHA,CE,1,394.55,21090.729943498693,1.87
2304806,GRANJEIRO,CE,1,393.97,11301.93897910029,3.49
2300606,ALTANEIRA,CE,1,391.78,7366.973658575963,5.32
4302808,CAÇAPAVA DO SUL,RS,4,391.54,410162.89596977097,0.1
2304301,FARIAS BRITO,CE,2,391.18,53762.84280663245,0.73
4208450,ITAPOÁ,SC,5,386.06,30343.26925201044,1.27
2701209,CACIMBINHAS,AL,1,385.25,28941.560111930572,1.33
5007406,RIO VERDE DE MATO GROSSO,MS,1,384.68,910646.3748530182,0.04
4309803,IBIAÇÁ,RS,1,384.27,44702.68661360721,0.86
4122800,SALGADO FILHO,PR,1,382.38,22404.172670822354,1.71
5003306,COXIM,MS,3,382.0,707494.2241677671,0.05
4305124,CERRITO,RS,1,381.14,62248.83746697769,0.61
3534757,OUROESTE,SP,1,380.09,32591.764936154734,1.17
2612505,SANTA CRUZ DO CAPIBARIBE,PE,3,380.09,34129.206020660335,1.11
2904753,BURITIRAMA,BA,1,376.32,418216.23350813333,0.09
4315750,RIOZINHO,RS,3,375.86,31544.851966025926,1.19
3523107,ITAQUAQUECETUBA,SP,1,375.85,9796.198957329758,3.84
4125456,SÃO JOSÉ DAS PALMEIRAS,PR,1,374.5,22089.39849094735,1.7
3202652,IRUPI,ES,1,368.4,20975.608199499737,1.76
4205308,FAXINAL DOS GUEDES,SC,2,367.35999999999996,42609.58126502277,0.86
3532009,MORUNGABA,SP,1,366.24,17253.853991161883,2.12
3152709,PRADOS,MG,2,366.12,30280.48186649496,1.21
3551603,SERRA NEGRA,SP,1,365.51,23847.324912913642,1.53
4116059,MISSAL,PR,2,365.07,39460.0104927493,0.93
3511706,CHARQUEADA,SP,1,364.33,20565.52761981098,1.77
4317707,SANTO ANTÔNIO DAS MISSÕES,RS,3,358.89000000000004,220842.32294116574,0.16
4300877,ARARICÁ,RS,1,358.34,4645.18903783966,7.71
4202537,BOM JESUS,SC,4,358.31,7989.25597400613,4.48
4312617,MUITOS CAPÕES,RS,1,355.81,153745.18600255056,0.23
2602704,BUENOS AIRES,PE,2,355.44,9478.1320908157,3.75
2805901,RIACHUELO,SE,1,355.43,8100.260537867616,4.39
3205150,VILA PAVÃO,ES,1,355.23,48149.598936033006,0.74
4310504,IRAÍ,RS,1,352.87,22948.430369872152,1.54
2203305,DEMERVAL LOBÃO,PI,1,351.55,21842.27557503624,1.61
3117900,CONGONHAL,MG,2,350.15000000000003,23857.76810729609,1.47
2704807,MARIBONDO,AL,4,349.77000000000004,18495.725328773427,1.89
1715507,OLIVEIRA DE FÁTIMA,TO,2,349.4,21641.62671970967,1.61
3105608,BARBACENA,MG,1,347.73,87218.8726895609,0.4
3507704,BRAÚNA,SP,1,347.63,22514.959028480982,1.54
2603306,CALÇADO,PE,1,346.8,12414.148858782843,2.79
3527207,LORENA,SP,2,345.74,48622.25734765363,0.71
2700607,BARRA DE SÃO MIGUEL,AL,1,345.28,7644.8739664192635,4.52
3159605,SANTA RITA DO SAPUCAÍ,MG,1,345.02,41107.720542166506,0.84
4319158,SÃO MIGUEL DAS MISSÕES,RS,1,343.19,159205.30830336787,0.22
2612109,SALGADINHO,PE,1,343.1,8878.489609668299,3.86
2511509,PILAR,PB,3,341.42,10485.297290350198,3.26
2930808,SOUTO SOARES,BA,1,339.12,107163.54857248439,0.32
2409308,PATU,RN,2,338.95,32235.39896390774,1.05
3140159,MÁRIO CAMPOS,MG,1,338.28,3981.8284193455524,8.5
2104503,GOVERNADOR ARCHER,MA,1,337.47,44869.25724785569,0.75
5219258,SANTA FÉ DE GOIÁS,GO,1,337.41,125363.98945905679,0.27
3111002,CAMPESTRE,MG,1,334.48,66802.68972757136,0.5
2602209,BOM JARDIM,PE,2,328.9,23056.858411111472,1.43
3119609,CORONEL PACHECO,MG,1,328.88,15181.487091627347,2.17
2701308,CAJUEIRO,AL,1,328.12,10994.650813072105,2.98
2304285,EUSÉBIO,CE,2,327.76,7908.164367419224,4.14
2209955,SÃO JOÃO DA VARJOTA,PI,2,327.22,39980.44868134836,0.82
3156700,SABARÁ,MG,2,324.72,34119.9437139193,0.95
5100607,ALTO TAQUARI,MT,3,324.13,167550.18248916976,0.19
2606705,IBIRAJUBA,PE,2,323.74,19368.234590689113,1.67
3203700,MUNIZ FREIRE,ES,2,322.96000000000004,77139.3765887726,0.42
4211876,PAIAL,SC,1,320.92,10851.750867184024,2.96
5213053,MIMOSO DE GOIÁS,GO,2,319.06,147762.35504739473,0.22
3143153,MONTE FORMOSO,MG,1,315.93,42029.54417005984,0.75
4218004,TIJUCAS,SC,2,315.82,35240.21190702451,0.9
3124104,ESMERALDAS,MG,1,315.07,102475.65209095509,0.31
2607653,ITAMBÉ,PE,3,313.95,30879.352182160623,1.02
3522406,ITAPEVA,SP,2,312.87,218033.39181943727,0.14
2919926,MADRE DE DEUS,BA,1,311.39,3466.754315406272,8.98
2802601,GRACHO CARDOSO,SE,2,311.15999999999997,25137.243116863163,1.24
2211308,VALENÇA DO PIAUÍ,PI,1,308.3,134857.52444701342,0.23
4315503,RESTINGA SÊCA,RS,3,308.03,128308.61254738338,0.24
2603900,CARNAÍBA,PE,1,306.98,43964.835486207696,0.7
3305133,SÃO JOSÉ DE UBÁ,RJ,1,306.04,28731.73456361242,1.07
3524006,ITUPEVA,SP,1,305.68,23705.4032970697,1.29
2929701,SÁTIRO DIAS,BA,2,301.75,98757.67099135858,0.31
2202554,CARIDADE DO PIAUÍ,PI,1,301.31,50724.50320041552,0.59
3300605,BOM JESUS DO ITABAPOANA,RJ,4,299.68,68429.30599861483,0.44
3118809,CORAÇÃO DE JESUS,MG,1,299.46,241906.08664911514,0.12
4202081,BANDEIRANTE,SC,2,298.95,18527.733007687457,1.61
4218509,TREZE TÍLIAS,SC,1,298.86,22215.013908327608,1.35
4215752,SÃO BERNARDINO,SC,1,298.23,18663.666889790093,1.6
3548005,SANTO ANTÔNIO DE POSSE,SP,1,298.04,18045.06895323688,1.65
2504702,CONGO,PB,1,297.23,33032.97799872242,0.9
5214408,NAZÁRIO,GO,1,296.72,30553.933711748843,0.97
3525854,JUMIRIM,SP,1,295.92,6684.786424771668,4.43
4310876,JACUIZINHO,RS,1,294.78,44274.756211175074,0.67
2504033,CAPIM,PB,2,293.86,8094.017430287849,3.63
4209177,JUPIÁ,SC,4,293.48,11368.22565854243,2.58
1100288,ROLIM DE MOURA,RO,3,293.25,151843.3042272512,0.19
2502706,BORBOREMA,PB,3,293.22999999999996,2644.3355035829513,11.09
2922052,MULUNGU DO MORRO,BA,2,290.46999999999997,67471.11902335192,0.43
2314003,VÁRZEA ALEGRE,CE,2,289.86,84058.35803301338,0.34
3151800,POÇOS DE CALDAS,MG,1,288.19,63317.82297311863,0.46
3112109,CAPARAÓ,MG,3,288.14,14871.359782508269,1.94
3506805,BOCAINA,SP,1,287.88,42305.03720368233,0.68
2702355,CRAÍBAS,AL,2,286.27,28520.969887174542,1.0
3200102,AFONSO CLÁUDIO,ES,1,285.91,106495.65767459165,0.27
2707909,SANTA LUZIA DO NORTE,AL,1,283.18,2964.331854405459,9.55
2924652,PINTADAS,BA,1,280.83,67471.97823219825,0.42
2704401,MAJOR ISIDORO,AL,1,280.78,44933.92609462783,0.62
5216809,PETROLINA DE GOIÁS,GO,1,279.13,57376.30699977818,0.49
3135407,JECEABA,MG,1,276.56,26891.151451041424,1.03
2401206,ARÊS,RN,2,275.89,11661.453359850708,2.37
2500908,ARARA,PB,2,275.75,9250.533617566663,2.98
4211652,NOVO HORIZONTE,SC,2,273.59000000000003,18894.02101589915,1.45
3205176,VILA VALÉRIO,ES,2,273.46,52488.95037456492,0.52
2500403,ALAGOA NOVA,PB,2,270.86,13002.730916056402,2.08
2603801,CAPOEIRAS,PE,1,268.59,34450.76650546651,0.78
2604601,CONDADO,PE,1,266.42,9111.762921026462,2.92
5208152,GAMELEIRA DE GOIÁS,GO,1,261.06,63819.88188483766,0.41
3517604,GUAPIARA,SP,2,260.83000000000004,48970.92340101147,0.53
4304705,CARAZINHO,RS,1,260.71,85729.62621444513,0.3
4120507,PRIMEIRO DE MAIO,PR,1,260.22,48703.83983068908,0.53
4216909,SÃO LOURENÇO DO OESTE,SC,3,260.08,44334.244374198825,0.59
4305405,CHIAPETTA,RS,1,258.19,50797.44684162577,0.51
2102077,BOM LUGAR,MA,1,256.25,44718.48066902506,0.57
3162500,SÃO JOÃO DEL REI,MG,4,253.13,166839.38639308806,0.15
5104559,ITAÚBA,MT,2,252.76,468936.246012668,0.05
2609600,OLINDA,PE,2,252.22,4205.806451442402,6.0
4302600,BRAGA,RS,1,247.92,16763.094960694685,1.48
3545308,SALTO DE PIRAPORA,SP,2,246.23,33344.049750304825,0.74
2806404,SANTANA DO SÃO FRANCISCO,SE,1,240.34,4540.184146378645,5.29
2616001,VENTUROSA,PE,2,236.34,33910.748396216055,0.7
2911006,FLORESTA AZUL,BA,1,236.25,34298.88705650235,0.69
4309100,GRAMADO,RS,2,236.03,31435.683624297075,0.75
3202504,IBIRAÇU,ES,1,235.37,22698.2221625922,1.04
3540408,POPULINA,SP,1,234.45,35666.23955590492,0.66
4314407,PELOTAS,RS,1,233.96,221002.70929801525,0.11
3135605,JEQUITAÍ,MG,2,233.60999999999999,138764.65112060276,0.17
4107124,DIAMANTE DO SUL,PR,4,231.99,42165.54752271006,0.55
2803005,ITABAIANINHA,SE,1,230.35,52091.62512412291,0.44
4306452,DOIS LAJEADOS,RS,1,229.65,17400.133459684348,1.32
2210979,TANQUE DO PIAUÍ,PI,1,228.84,40291.472406732086,0.57
2506806,INGÁ,PB,2,228.61,26610.404062228037,0.86
3514502,DUARTINA,SP,1,228.12,30879.679047449266,0.74
3147402,PARAOPEBA,MG,1,227.67,70075.75424128998,0.32
3552205,SOROCABA,SP,5,227.29999999999998,53342.547674909074,0.43
4127957,TUPÃSSI,PR,1,226.88,36201.12830153287,0.63
2907509,CATU,BA,1,222.33,44667.90819778103,0.5
5215405,OURO VERDE DE GOIÁS,GO,1,220.69,22616.050773024643,0.98
4107553,FAROL,PR,2,218.91,34642.49540173529,0.63
3550100,SÃO MANUEL,SP,3,218.4,76271.9305315184,0.29
4215356,SALTINHO,SC,1,218.05,19529.7320379018,1.12
4105805,COLOMBO,PR,1,216.77,24116.576926168316,0.9
3139805,MAR DE ESPANHA,MG,1,216.67,43059.36026506381,0.5
4205605,GALVÃO,SC,3,216.67,17400.123725539375,1.25
4301206,ARROIO DO TIGRE,RS,1,215.79,41287.63850197195,0.52
3521705,ITABERÁ,SP,1,214.59,131269.46463630765,0.16
2931509,TEOFILÂNDIA,BA,1,213.75,36584.2708334423,0.58
2501906,BELÉM,PB,1,213.35,10085.553191467172,2.12
2700508,BARRA DE SANTO ANTÔNIO,AL,1,213.07,13476.447536592877,1.58
2609006,MACAPARANA,PE,1,213.0,10978.967528553283,1.94
2202455,CAPITÃO GERVÁSIO OLIVEIRA,PI,1,210.15,115691.90695307756,0.18
2706422,PARICONHA,AL,1,208.26,26109.683829220958,0.8
4304671,CAPIVARI DO SUL,RS,2,207.95,55045.22247152406,0.38
3170701,VARGINHA,MG,1,207.27,45614.42138495179,0.45
4219507,XANXERÊ,SC,1,205.22,47311.529721828505,0.43
3115474,CATUTI,MG,1,203.81,30893.86739361246,0.66
3125200,FAMA,MG,1,203.03,9911.526013013152,2.05
4118501,PATO BRANCO,PR,2,202.67,66785.60255185276,0.3
3549805,SÃO JOSÉ DO RIO PRETO,SP,2,202.25,49324.010234513706,0.41
3162906,SÃO JOÃO NEPOMUCENO,MG,1,201.42,47018.84451565671,0.43
2708907,SATUBA,AL,1,201.41,4238.365956259105,4.75
3168200,TAPIRAÍ,MG,1,201.01,46032.05868239429,0.44
3203163,LARANJA DA TERRA,ES,1,200.57,51722.83536458649,0.39
4205803,GARUVA,SC,3,199.64,62244.462637183286,0.32
4202909,BRUSQUE,SC,1,199.36,35844.72329151519,0.56
4211256,MORRO GRANDE,SC,1,199.25,33733.00529158887,0.59
2517209,VIEIRÓPOLIS,PB,1,198.63,14885.042964339302,1.33
3168408,TARUMIRIM,MG,1,197.04,81991.45661424597,0.24
2802205,FEIRA NOVA,SE,2,195.57,19104.361586165276,1.02
4205357,FLOR DO SERTÃO,SC,1,194.85,7313.874123475322,2.66
3504701,BALBINOS,SP,1,193.38,10620.38998170918,1.82
2511301,PIANCÓ,PB,1,192.82,58542.5136205067,0.33
2515971,SOBRADO,PB,2,190.20000000000002,6285.378605008746,3.03
2612406,SANHARÓ,PE,1,189.09,27349.015575209243,0.69
2511806,PIRPIRITUBA,PB,1,188.99,8170.908247748761,2.31
5211602,IVOLÂNDIA,GO,1,188.79,137157.42711655854,0.14
5212907,MARZAGÃO,GO,2,188.67,24882.67205902429,0.76
4210100,MAFRA,SC,1,187.92,173969.40502440883,0.11
3105400,BARÃO DE COCAIS,MG,1,186.99,38390.88653801757,0.49
2106102,LORETO,MA,1,186.17,364974.2536268717,0.05
2511707,PILÕEZINHOS,PB,1,186.06,4144.381659926373,4.49
3162559,SÃO JOÃO DO MANHUAÇU,MG,1,185.57,16249.458770601275,1.14
4120408,PRESIDENTE CASTELO BRANCO,PR,1,184.9,18410.28105317758,1.0
3159407,SANTA RITA DE IBITIPOCA,MG,1,184.83,37414.98121338177,0.49
3165537,SARZEDO,MG,2,184.73,7027.787394900866,2.63
2414159,TENENTE LAURENTINO CRUZ,RN,1,184.07,6926.468933012701,2.66
2608909,LIMOEIRO,PE,1,183.31,27856.138725406654,0.66
3104700,ATALÉIA,MG,1,181.16,203087.30947918678,0.09
2800308,ARACAJU,SE,1,179.38,18876.41802948138,0.95
5215504,OUVIDOR,GO,1,175.11,45502.48333123512,0.38
3525706,JOSÉ BONIFÁCIO,SP,1,174.0,98608.78840926991,0.18
2922300,MURITIBA,BA,1,173.8,9050.09187386039,1.92
2600302,AGRESTINA,PE,1,166.7,20452.136859564183,0.82
2800407,ARAUÁ,SE,1,166.49,20655.363096636782,0.81
3126901,FREI INOCÊNCIO,MG,1,162.04,52126.26816508097,0.31
4208906,JARAGUÁ DO SUL,SC,4,161.67000000000002,66088.25556608316,0.24
2807204,SIRIRI,SE,1,160.79,17396.0513814071,0.92
2405504,JARDIM DE ANGICOS,RN,1,159.71,25615.97669576453,0.62
3508702,CACONDE,SP,1,159.7,54001.76205299418,0.3
2912905,IBIRATAIA,BA,1,159.36,33729.524153544386,0.47
4107504,ENGENHEIRO BELTRÃO,PR,2,158.65,55698.95745125854,0.28
2513505,SANTANA DE MANGUEIRA,PB,3,157.6,41188.44903509035,0.38
4321204,TAQUARA,RS,1,157.47,59461.674020774844,0.26
3545209,SALTO,SP,1,156.47,15709.930296573602,1.0
3131505,IPUIÚNA,MG,1,155.5,34626.30621384218,0.45
2703403,JACARÉ DOS HOMENS,AL,1,155.21,15343.659686888439,1.01
2700201,ANADIA,AL,1,155.21,19120.092300760894,0.81
2603405,CALUMBI,PE,1,155.17,18261.285776096807,0.85
3144300,NANUQUE,MG,2,154.95,167121.39988488192,0.09
3540259,PONTALINDA,SP,1,152.56,23817.714871267475,0.64
4123105,SANTA AMÉLIA,PR,2,151.82,9225.488312950156,1.65
2303402,CARNAUBAL,CE,2,151.39,36465.113274603274,0.42
5215801,PALMELO,GO,1,150.71,6549.706899319905,2.3
2408409,OLHO D'ÁGUA DO BORGES,RN,1,150.58,13771.465445422968,1.09
4202107,BARRA VELHA,SC,1,149.72,17353.49980764624,0.86
4321493,TOROPI,RS,1,148.97,26090.402473347207,0.57
2503506,CACIMBA DE DENTRO,PB,2,148.47000000000003,16708.224162121864,0.89
3547304,SANTANA DE PARNAÍBA,SP,2,146.74,21332.2072603726,0.69
4108452,FOZ DO JORDÃO,PR,1,144.62,28838.673311103987,0.5
2611705,RIACHO DAS ALMAS,PE,1,143.4,31950.758851683928,0.45
5215207,NOVO BRASIL,GO,2,142.88,70191.18550830796,0.2
4210407,MARACAJÁ,SC,1,142.87,8178.631180031692,1.75
3555901,URU,SP,1,142.34,16995.851570298342,0.84
2512754,RIACHÃO DO BACAMARTE,PB,1,140.83,4087.712290417578,3.45
4203204,CAMBORIÚ,SC,2,139.32999999999998,26488.113091060244,0.53
2509800,MULUNGU,PB,1,138.27,18983.304478218026,0.73
3505708,BARUERI,SP,1,138.19,7795.090023067686,1.77
2703601,JAPARATINGA,AL,1,138.16,8776.91648188913,1.57
4124301,SANTO ANTÔNIO DO PARAÍSO,PR,1,137.99,19837.971991935476,0.7
3130507,ILICÍNEA,MG,1,137.38,43051.040945820554,0.32
2509305,MATARACA,PB,1,136.89,18460.89587399338,0.74
2503209,CABEDELO,PB,2,135.07999999999998,3028.714434067529,4.46
3109451,CABECEIRA GRANDE,MG,1,134.86,111692.61316331322,0.12
4203709,CANELINHA,SC,1,134.37,19038.204246636255,0.71
3510302,CAPELA DO ALTO,SP,1,133.98,20145.180114461185,0.67
3167202,SETE LAGOAS,MG,1,133.05,60261.507432260085,0.22
4124004,SANTANA DO ITARARÉ,PR,1,132.69,29923.29045025068,0.44
3203106,JERÔNIMO MONTEIRO,ES,1,132.68,20252.775920932487,0.66
3303955,PINHEIRAL,RJ,2,131.98,9621.52751146981,1.37
2802304,FREI PAULO,SE,1,131.46,41236.10200067886,0.32
2806800,SÃO DOMINGOS,SE,3,130.95,10554.610084383026,1.24
3107505,BOM JARDIM DE MINAS,MG,2,130.74,47791.46099539241,0.27
5219902,SÃO FRANCISCO DE GOIÁS,GO,1,129.9,44979.216328999806,0.29
4213500,PORTO BELO,SC,2,128.45,11805.31646315522,1.09
4215554,SANTA HELENA,SC,1,128.42,10162.939240406327,1.26
2801504,CARMÓPOLIS,SE,1,127.64,4797.143582239397,2.66
3551504,SERRANA,SP,1,127.38,14473.990359972326,0.88
3159209,SANTA RITA DE CALDAS,MG,2,127.18,58406.00278330606,0.22
5214804,NOVA AURORA,GO,1,126.58,33953.834823187506,0.37
2929800,SAÚDE,BA,1,126.46,52725.5901299649,0.24
2925956,RAFAEL JAMBEIRO,BA,2,126.34,114222.83176825957,0.11
2501203,AREIAL,PB,2,125.31,3630.9737086573086,3.45
4105904,COLORADO,PR,1,125.07,47877.79148761903,0.26
3519907,IEPÊ,SP,1,123.96,69702.49072909019,0.18
2201002,ARRAIAL,PI,1,122.18,69102.39868723917,0.18
4120002,PORECATU,PR,1,120.42,34215.51296825974,0.35
2507002,ITAPORANGA,PB,1,120.33,46711.76331437796,0.26
2916708,ITAQUARA,BA,2,119.22,36319.957568900754,0.33
3201159,BREJETUBA,ES,1,118.55,40119.23382872363,0.3
3161007,SÃO DOMINGOS DO PRATA,MG,4,117.72999999999999,83959.60154200271,0.14
4102802,BELA VISTA DO PARAÍSO,PR,1,117.24,28579.942290471,0.41
2108900,POÇÃO DE PEDRAS,MA,1,117.22,99636.1031316717,0.12
2920403,MANOEL VITORINO,BA,1,117.01,233593.91462247953,0.05
3110301,CALDAS,MG,3,116.78,82450.63121223438,0.14
3555307,TURMALINA,SP,1,115.76,16721.92749618004,0.69
2502508,BOQUEIRÃO,PB,2,115.45,37905.28504504413,0.3
4113502,LOANDA,PR,1,114.77,85013.80152537128,0.14
4208401,ITAPIRANGA,SC,1,114.65,35472.45976115904,0.32
3553807,TAQUARITUBA,SP,1,114.49,53234.327521796025,0.22
2206670,MORRO DO CHAPÉU DO PIAUÍ,PI,1,114.45,32937.81320548752,0.35
4118709,PAULO FRONTIN,PR,2,114.21,44913.92909763431,0.25
2612000,SAIRÉ,PE,1,113.76,19424.78808384249,0.59
3204203,PIÚMA,ES,2,113.35000000000001,8459.855731033444,1.34
5220280,SÃO PATRÍCIO,GO,1,112.34,18549.876397877593,0.61
4103453,CAFELÂNDIA,PR,1,110.95,33222.72248480336,0.33
3133501,ITAPECERICA,MG,1,110.75,118293.09796805825,0.09
2413003,SÃO VICENTE,RN,1,110.62,19990.00455357518,0.55
4204608,CRICIÚMA,SC,1,110.3,30442.28954931832,0.36
4305108,CAXIAS DO SUL,RS,1,109.98,215826.89643007764,0.05
2505204,CUITEGI,PB,1,109.23,4265.034248057479,2.56
3555000,TUPÃ,SP,1,108.05,72839.13300715067,0.15
2501534,BARAÚNA,PB,1,107.37,5063.746078569034,2.12
3116605,CLÁUDIO,MG,1,106.32,71646.22819007131,0.15
2929008,SÃO FÉLIX,BA,2,105.22,10828.16699547169,0.97
2702603,FEIRA GRANDE,AL,1,104.56,18099.719287486823,0.58
2305704,IPAUMIRIM,CE,2,102.9,28008.47743889819,0.37
4322400,URUGUAIANA,RS,1,102.07,755687.8493914938,0.01
2801009,CAMPO DO BRITO,SE,1,101.59,20850.310617547595,0.49
3131208,IPANEMA,MG,1,100.33,51453.94449852249,0.19
2414803,VERA CRUZ,RN,1,97.19,8496.216995141534,1.14
3556206,VALINHOS,SP,2,94.01,17484.610757585124,0.54
2205003,ITAINÓPOLIS,PI,1,93.48,84050.70697307696,0.11
4212809,BALNEÁRIO PIÇARRAS,SC,1,93.42,12429.83318894866,0.75
2309508,ORÓS,CE,1,93.39,58368.702618751886,0.16
3302809,MENDES,RJ,3,92.74,11146.894760100959,0.83
3115359,CATAS ALTAS,MG,1,92.36,27155.93861386696,0.34
2513653,JOCA CLAUDINO,PB,1,92.33,7263.067838515669,1.27
4202008,BALNEÁRIO CAMBORIÚ,SC,3,91.87,5680.946833439673,1.62
3118007,CONGONHAS,MG,1,89.96,34594.09863756569,0.26
3113305,CARANGOLA,MG,1,89.32,40305.34530645452,0.22
3156106,RITÁPOLIS,MG,1,88.82,46338.355737135804,0.19
2704104,LAGOA DA CANOA,AL,1,87.96,8599.549266506847,1.02
3547106,SANTA MERCEDES,SP,1,87.28,19174.261704042055,0.46
4109807,IBIPORÃ,PR,1,87.02,35183.55119240501,0.25
3301504,CORDEIRO,RJ,1,86.71,13132.802536077543,0.66
2205581,LAGOA DO PIAUÍ,PI,1,84.63,43120.39749202348,0.2
2609105,MACHADOS,PE,1,83.1,5930.849443288996,1.4
3501152,ALUMÍNIO,SP,1,82.81,9925.15106776696,0.83
4305975,COXILHA,RS,1,82.76,54120.10494453188,0.15
3115300,CATAGUASES,MG,1,81.68,56566.09540850648,0.14
3204807,SÃO JOSÉ DO CALÇADO,ES,2,81.03,31306.79403617559,0.26
3301876,IGUABA GRANDE,RJ,1,79.83,5987.584179968676,1.33
2305001,GUARACIABA DO NORTE,CE,1,79.03,62723.02455198981,0.13
3509601,CAMPO LIMPO PAULISTA,SP,1,78.8,9380.281971903396,0.84
3118908,CORDISBURGO,MG,1,78.44,92055.68778693317,0.09
1503200,IGARAPÉ-AÇU,PA,2,75.83,78534.58317164969,0.1
5214002,MOZARLÂNDIA,GO,1,75.47,185755.07110519113,0.04
3203320,MARATAÍZES,ES,2,74.6,14935.331502741066,0.5
4308003,FAXINAL DO SOTURNO,RS,1,74.58,22339.65477585776,0.33
4307005,ERECHIM,RS,2,74.03999999999999,54544.23373521907,0.14
2513406,SANTA LUZIA,PB,2,73.93,44666.52012013755,0.17
3165206,SÃO TOMÉ DAS LETRAS,MG,1,73.46,42758.94875060951,0.17
2916609,ITAPITANGA,BA,1,73.09,44796.196934041756,0.16
3162104,SÃO GOTARDO,MG,1,72.24,97112.50615847239,0.07
2405900,JOÃO DIAS,RN,1,70.87,8912.815551862092,0.8
2510600,OURO VELHO,PB,1,69.61,13022.41513595804,0.53
4119152,PINHAIS,PR,1,68.53,7443.758201299296,0.92
2201919,BOM PRINCÍPIO DO PIAUÍ,PI,1,68.37,52408.76648074681,0.13
2311603,REDENÇÃO,CE,1,66.54,24904.51085407954,0.27
4202453,BOMBINHAS,SC,2,66.47,4428.845438887795,1.5
3501608,AMERICANA,SP,1,66.23,15705.05270950049,0.42
3522653,ITAPIRAPUÃ PAULISTA,SP,1,65.96,49027.65474570744,0.13
3124906,EUGENÓPOLIS,MG,1,65.96,35431.79551199995,0.19
2500700,SÃO JOÃO DO RIO DO PEIXE,PB,1,64.92,48224.70081658074,0.13
2404804,IPUEIRA,RN,2,64.56,12897.647079184851,0.5
3525607,JOÃO RAMALHO,SP,1,63.75,48412.86842184499,0.13
3119807,CÓRREGO DANTA,MG,1,63.59,74100.07588407009,0.09
4319125,SÃO MARTINHO DA SERRA,RS,1,63.59,88093.10329448315,0.07
3555505,UBIRAJARA,SP,1,62.6,33008.082012096995,0.19
2310605,PENAFORTE,CE,1,61.74,15314.367308387116,0.4
2918605,JUSSIAPE,BA,1,61.47,62283.279189809036,0.1
2926103,RETIROLÂNDIA,BA,1,61.13,25199.364946599733,0.24
3101631,ALFREDO VASCONCELOS,MG,1,60.71,15005.85363900491,0.4
2109551,RIBAMAR FIQUENE,MA,1,60.61,74049.81608636005,0.08
2414456,TRIUNFO POTIGUAR,RN,1,59.91,27126.196484738553,0.22
2200954,AROEIRAS DO ITAIM,PI,1,59.35,32093.047063184054,0.18
3301108,CANTAGALO,RJ,1,58.13,86572.31130676677,0.07
3139607,MANTENA,MG,1,57.48,76213.01424421802,0.08
3120839,CUPARAQUE,MG,1,57.42,25317.59558465944,0.23
2601003,ANGELIM,PE,1,57.36,12145.85596735008,0.47
4303905,CAMPO BOM,RS,1,56.69,7999.308975076926,0.71
3526308,LAGOINHA,SP,1,56.0,30121.188077478517,0.19
2703700,JARAMATAIA,AL,1,55.87,10831.898930391273,0.52
3500402,ÁGUAS DA PRATA,SP,1,55.86,16540.623401777255,0.34
3149002,PEDRA DOURADA,MG,1,55.83,7995.463181851372,0.7
4306353,DEZESSEIS DE NOVEMBRO,RS,1,55.82,27781.32691136168,0.2
4107850,FLOR DA SERRA DO SUL,PR,1,55.33,31704.10945891661,0.17
3118106,CONGONHAS DO NORTE,MG,2,55.209999999999994,45216.29535220676,0.12
1718006,PORTO ALEGRE DO TOCANTINS,TO,1,55.11,52695.716002995665,0.1
3512803,COSMÓPOLIS,SP,1,54.97,18120.11635424146,0.3
3519055,HOLAMBRA,SP,1,53.94,7680.425583340821,0.7
3539806,POÁ,SP,1,52.25,2049.0330689589223,2.55
2210508,SÃO PEDRO DO PIAUÍ,PI,1,51.65,52300.03269387602,0.1
2310100,PALMÁCIA,CE,1,51.47,12940.506120105141,0.4
3106804,BIAS FORTES,MG,1,51.26,32739.956352306897,0.16
2901601,ANTAS,BA,1,49.83,33686.47379712017,0.15
5107248,SANTA CARMEM,MT,1,49.45,397645.5111430005,0.01
5209937,INACIOLÂNDIA,GO,1,48.06,76500.11008635734,0.06
4114104,MANDAGUAÇU,PR,1,47.93,34765.56264933769,0.14
3202900,ITARANA,ES,1,47.74,33341.773259734284,0.14
2502300,BOM SUCESSO,PB,1,47.48,18821.0910936186,0.25
2405702,JARDIM DO SERIDÓ,RN,1,46.79,37206.449844190276,0.13
2209807,SÃO GONÇALO DO PIAUÍ,PI,1,46.7,15196.400883293096,0.31
2604700,CORRENTES,PE,2,46.7,32552.499507255583,0.14
5218789,RIO QUENTE,GO,1,46.5,26947.66834409577,0.17
4104105,CAMPO DO TENENTE,PR,1,45.48,37583.96948957808,0.12
5105234,LAMBARI D'OESTE,MT,4,45.129999999999995,194412.10348945824,0.02
4300505,ALPESTRE,RS,1,44.66,41113.042010151636,0.11
2411106,RUY BARBOSA,RN,1,44.28,12697.77012850728,0.35
2703908,JUNDIÁ,AL,1,43.85,9085.43188566297,0.48
4311809,MARAU,RS,1,43.34,83831.78389376767,0.05
3534302,ORLÂNDIA,SP,2,42.78,33273.33828908128,0.13
2203404,DOM EXPEDITO LOPES,PI,1,42.08,22177.890681143235,0.19
2204600,HUGO NAPOLEÃO,PI,1,42.07,22679.18242945691,0.19
3520509,INDAIATUBA,SP,1,41.9,36743.46880811504,0.11
4320206,SEBERI,RS,1,41.8,38160.726472476,0.11
2206605,MONTE ALEGRE DO PIAUÍ,PI,1,41.36,248320.67671835446,0.02
3123106,DORES DE GUANHÃES,MG,2,41.27,42688.500013761986,0.1
4218400,TREZE DE MAIO,SC,1,39.93,20664.44230720916,0.19
5000203,ÁGUA CLARA,MS,1,39.56,879114.256918989,0.0
3103108,ANTÔNIO PRADO DE MINAS,MG,2,39.18000000000001,9598.070345816277,0.41
3162922,SÃO JOAQUIM DE BICAS,MG,1,39.17,8117.527961452596,0.48
2411700,SÃO BENTO DO TRAIRÍ,RN,1,38.84,19295.673223662725,0.2
5221700,URUANA,GO,1,38.23,56259.3092730998,0.07
4218756,TUNÁPOLIS,SC,1,37.44,16698.39405892244,0.22
4113759,LUNARDELLI,PR,1,36.73,23844.63302392365,0.15
3502903,ARAÇOIABA DA SERRA,SP,1,36.6,30308.441125746704,0.12
2512721,PEDRO RÉGIS,PB,1,36.08,7513.314617709772,0.48
4202578,BOM JESUS DO OESTE,SC,1,35.66,8468.083051581525,0.42
3126752,FRANCISCÓPOLIS,MG,1,34.96,79126.805359543,0.04
5205109,CATALÃO,GO,1,32.9,421929.7420570796,0.01
1508209,VIGIA,PA,1,31.91,40120.810975611974,0.08
4218202,TIMBÓ,SC,1,31.63,16066.33384086699,0.2
4206900,IBIRAMA,SC,1,31.5,31054.803500882226,0.1
5218508,QUIRINÓPOLIS,GO,1,31.13,419894.8945830987,0.01
5219100,SANTA BÁRBARA DE GOIÁS,GO,2,29.93,15320.986644526529,0.2
4320701,SOBRADINHO,RS,1,29.38,16926.346937988274,0.17
4120101,PORTO AMAZONAS,PR,1,29.16,22858.07458131606,0.13
4121802,RIBEIRÃO CLARO,PR,1,28.79,74382.23384416953,0.04
3106002,BELA VISTA DE MINAS,MG,1,28.75,12316.505953335725,0.23
3549300,SÃO JOÃO DO PAU D'ALHO,SP,1,28.62,13512.738040323702,0.21
3127073,FRUTA DE LEITE,MG,1,28.36,82517.74856446937,0.03
2203008,CRISTALÂNDIA DO PIAUÍ,PI,1,28.17,124441.12876898162,0.02
2110237,SANTANA DO MARANHÃO,MA,1,27.88,93377.88854448407,0.03
2925402,POTIRAGUÁ,BA,1,27.87,119713.80505489896,0.02
4211850,OURO VERDE,SC,1,27.85,23570.975792817542,0.12
4301057,ARROIO DO SAL,RS,1,27.53,15691.692810471312,0.18
3161908,SÃO GONÇALO DO RIO ABAIXO,MG,3,27.5,41025.01698045306,0.07
4315909,RODEIO BONITO,RS,1,27.39,10549.651801305268,0.26
4318424,SÃO JOÃO DA URTIGA,RS,1,27.36,21858.55786572964,0.13
4309308,GUAÍBA,RS,1,27.35,50389.62310880266,0.05
4320602,SEVERIANO DE ALMEIDA,RS,1,27.3,21213.026914381964,0.13
4311304,LAGOA VERMELHA,RS,1,27.22,163506.59348700664,0.02
4303103,CACHOEIRINHA,RS,1,26.79,5808.702888815471,0.46
4310207,IJUÍ,RS,1,26.61,88666.67793386342,0.03
3150000,PESCADOR,MG,2,26.43,35165.25584419148,0.08
3305406,SAPUCAIA,RJ,2,26.11,62779.28701533469,0.04
5201207,ANHANGUERA,GO,1,26.08,6153.986347241973,0.42
5209903,IACIARA,GO,1,25.93,164202.98438296604,0.02
3301603,DUAS BARRAS,RJ,1,25.92,44098.30051315413,0.06
3108107,BONFIM,MG,1,25.76,34257.406212719725,0.08
3534401,OSASCO,SP,1,25.66,7709.233932874796,0.33
3523404,ITATIBA,SP,2,24.119999999999997,37952.48568648975,0.06
2610103,PALMEIRINA,PE,1,23.98,17302.403165282347,0.14
3134004,ITINGA,MG,1,23.98,179283.3339265732,0.01
4209805,LEOBERTO LEAL,SC,2,23.71,37199.372589837665,0.06
3151909,POCRANE,MG,1,22.33,77701.83930391155,0.03
4312302,MIRAGUAÍ,RS,1,21.93,16633.102331752918,0.13
3154002,RAUL SOARES,MG,1,21.66,86291.39445526076,0.03
3132701,ITAMBACURI,MG,1,21.62,156897.2754751443,0.01
3529401,MAUÁ,SP,1,21.38,7366.499812065479,0.29
3145372,NOVORIZONTE,MG,1,21.25,29347.020395720447,0.07
2204808,IPIRANGA DO PIAUÍ,PI,1,20.97,53628.86268105541,0.04
3164407,SÃO SEBASTIÃO DA BELA VISTA,MG,1,20.21,19478.22668596012,0.1
3162302,SÃO JOÃO DA MATA,MG,1,20.07,13979.803580742375,0.14
5218102,PORTELÂNDIA,GO,1,19.9,60634.1074885535,0.03
2614600,TABIRA,PE,1,19.89,39480.78511563883,0.05
4108908,GUAIRAÇÁ,PR,1,19.85,58097.84824438244,0.03
4307450,ESPERANÇA DO SUL,RS,1,19.39,18818.04350336215,0.1
3526407,LARANJAL PAULISTA,SP,1,19.26,45258.241256325084,0.04
4318606,SÃO JOSÉ DO OURO,RS,1,19.05,42704.23082392469,0.04
3171006,VAZANTE,MG,1,19.02,210840.992871951,0.01
2610301,PARANATAMA,PE,2,18.97,18964.212095623257,0.1
4309605,HORIZONTINA,RS,1,18.68,29164.60282565006,0.06
5220504,SERRANÓPOLIS,GO,1,18.22,610906.8300623128,0.0
3537909,PILAR DO SUL,SP,1,18.15,81260.19515698301,0.02
4101655,ARAPUÃ,PR,1,17.74,26125.267730717256,0.07
5101308,ARENÁPOLIS,MT,1,17.62,44453.12646923342,0.04
3110608,CAMBUÍ,MG,1,17.43,28624.22528922692,0.06
3305109,SÃO JOÃO DE MERITI,RJ,1,17.4,4133.758413054871,0.42
4211306,NAVEGANTES,SC,1,16.93,13950.673526369637,0.12
1502202,CAPANEMA,PA,1,16.82,62096.64827309429,0.03
3119906,CÓRREGO DO BOM JESUS,MG,1,16.61,14482.945924336973,0.11
2709004,TANQUE D'ARCA,AL,1,16.43,12797.035172819322,0.13
2604304,CEDRO,PE,1,16.31,15129.35207871461,0.11
2612802,SANTA TEREZINHA,PE,1,16.16,20346.42896820271,0.08
3522505,ITAPEVI,SP,1,16.1,9813.758482829406,0.16
3165552,SETUBINHA,MG,1,15.76,58753.11049616977,0.03
4124400,SANTO ANTÔNIO DO SUDOESTE,PR,1,15.43,40256.709424110726,0.04
2110658,SÃO DOMINGOS DO AZEITÃO,MA,1,15.29,97368.88762262336,0.02
3162708,SÃO JOÃO DO PARAÍSO,MG,1,15.25,206707.13680804046,0.01
5206305,CRISTIANÓPOLIS,GO,1,14.68,24245.51440412471,0.06
2312304,SÃO BENEDITO,CE,1,14.31,35215.93605037638,0.04
4107652,FAZENDA RIO GRANDE,PR,1,14.13,14329.127778266964,0.1
3504404,AVANHANDAVA,SP,1,13.73,38984.004187262326,0.04
2502102,BOA VENTURA,PB,1,13.44,17130.68188764124,0.08
5201504,APORÉ,GO,1,13.43,322788.9150425886,0.0
2515807,SERRA REDONDA,PB,1,13.06,5599.700632302377,0.23
3515657,FERNÃO,SP,1,12.93,11726.48983326029,0.11
3506706,BOA ESPERANÇA DO SUL,SP,1,12.65,80104.9608444439,0.02
2503803,CALDAS BRANDÃO,PB,1,12.23,5676.298889062279,0.22
2211407,VÁRZEA GRANDE,PI,1,12.19,23926.29888645069,0.05
4305009,CATUÍPE,RS,1,12.12,74838.11677330261,0.02
3138104,LASSANCE,MG,1,11.99,353123.2285849991,0.0
4201703,ASCURRA,SC,1,11.84,14175.637021287599,0.08
4204509,CORUPÁ,SC,1,11.8,50481.47642928902,0.02
2516607,TAVARES,PB,1,11.75,24344.796312189126,0.05
3300506,BOM JARDIM,RJ,1,11.62,44515.31349646826,0.03
3162005,SÃO GONÇALO DO SAPUCAÍ,MG,1,11.56,59898.856631022165,0.02
5206909,DAVINÓPOLIS,GO,1,11.52,53355.646067129375,0.02
3139409,MANHUAÇU,MG,1,11.42,71190.2194978047,0.02
3517307,GUAIMBÊ,SP,1,11.36,25239.232812920265,0.05
4103701,CAMBÉ,PR,1,11.17,58488.2362946549,0.02
5216908,PILAR DE GOIÁS,GO,1,10.56,96583.42504270114,0.01
2411007,RODOLFO FERNANDES,RN,1,10.41,15627.096709066092,0.07
3145877,ORIZÂNIA,MG,1,10.15,13857.102990721485,0.07
2410702,RIACHO DA CRUZ,RN,1,10.11,12842.71630836975,0.08
3125309,FARIA LEMOS,MG,1,9.95,18863.084301058047,0.05
3542909,RIBEIRÃO BONITO,SP,1,9.82,54781.28706920613,0.02
5200902,AMORINÓPOLIS,GO,1,9.75,44243.61646252952,0.02
4306551,DOM PEDRO DE ALCÂNTARA,RS,1,9.64,10269.378798047774,0.09
4301859,BARRA DO GUARITA,RS,1,9.46,7918.938311622122,0.12
2931053,TANQUE NOVO,BA,1,9.33,77071.15570061104,0.01
4306304,DAVID CANABARRO,RS,1,9.22,22454.856898680613,0.04
3157906,SANTA MARGARIDA,MG,1,8.82,29061.674409091956,0.03
2209906,SÃO JOÃO DA SERRA,PI,1,8.77,100229.78819495687,0.01
4316204,RONDINHA,RS,1,8.74,32196.34978499111,0.03
3527405,LUCÉLIA,SP,1,8.44,36361.10325695862,0.02
3163508,SÃO JOSÉ DO JACURI,MG,1,8.31,38193.06356365268,0.02
3144508,NAZARENO,MG,1,8.2,39202.696566424835,0.02
2913903,IPIAÚ,BA,1,8.11,29755.261682969816,0.03
3161601,SÃO GERALDO DA PIEDADE,MG,1,8.0,16986.03588381819,0.05
1100304,VILHENA,MT,1,7.98,1222916.2116947817,0.0
2702306,CORURIPE,AL,1,7.56,92450.8114856908,0.01
3515103,EMBU-GUAÇU,SP,1,7.51,18564.481474461554,0.04
3144706,NOVA ERA,MG,1,7.48,40753.3965272541,0.02
4312252,MINAS DO LEÃO,RS,1,7.41,56500.38796133263,0.01
3502754,ARAÇARIGUAMA,SP,1,7.39,17209.427613004213,0.04
5106802,PORTO DOS GAÚCHOS,MT,1,7.34,713153.9474652456,0.0
3135001,JAGUARAÇU,MG,1,7.27,18424.74589328725,0.04
2204105,FRANCISCO AYRES,PI,1,7.19,66458.48016239409,0.01
2700300,ARAPIRACA,AL,1,7.17,35590.83916905825,0.02
3144904,NOVA MÓDICA,MG,1,6.96,41704.815979502055,0.02
2922706,NOVA CANAÃ,BA,1,6.93,85982.49751074899,0.01
4105003,CATANDUVAS,PR,1,6.81,70770.92825643161,0.01
3542602,REGISTRO,SP,1,6.81,87019.08594463383,0.01
3507407,BORBOREMA,SP,1,6.72,63757.121129442574,0.01
3302106,ITAOCARA,RJ,1,6.56,50090.246787765966,0.01
2708956,SENADOR RUI PALMEIRA,AL,1,6.49,34734.68481181671,0.02
4116703,NOVA AURORA,PR,1,6.47,56706.42305420376,0.01
3125903,FERROS,MG,1,6.38,121914.22116790563,0.01
2205565,LAGOA DO BARRO DO PIAUÍ,PI,1,6.32,135940.12530500983,0.0
4111308,ITAÚNA DO SUL,PR,1,6.32,15114.933443196618,0.04
3116209,CHIADOR,MG,1,6.09,29350.711722911507,0.02
5105150,JUÍNA,RO,1,6.05,2745694.65463892,0.0
2110807,SÃO FÉLIX DE BALSAS,MA,1,5.57,206207.311468399,0.0
2401701,BOM JESUS,RN,1,5.13,12322.408520870142,0.04
